6.00000000065614,6.00000000023041,6.00000000024951,23.4522530544135,50.4507271020935,0,0,0,0,0,0,0,9.85077709718283,6.05276378390391,3.99512349107802,4.29288424833541,4.2740702150662,0,0,0,0,0,0,0,-0.0487089876045535,-1.78400226960881,-0.515461314568851,0.85348158547306,1.66205429936625,0,0,0,0,0,0,0,-0.288133350045764,-1.92507168392843,-0.4906016460068,0.932587616596128,1.8077643854441,0,0,0,0,0,0,0,-0.370633935805251,-1.96999491350587,-0.478148174823211,0.969774392204202,1.8761720190814,0,0,0,0,0,0,0,-0.416999501061341,-1.99632976482817,-0.472304237212432,0.989031971217453,1.91243427404148,0,0,0,0,0,0,0,-0.441828249354246,-2.01084887461544,-0.469170331156812,0.999357069585103,1.93180547182868,0,0,0,0,0,0,0,-0.455209127652577,-2.01906912944609,-0.467560885061431,1.00484544791288,1.94211129555599,0,0,0,0,0,0,0,-0.46215995970289,-2.02366035978598,-0.466631094511925,1.00784710778519,1.94765667981349,0,0,0,0,0,0,0,-0.46577898152791,-2.02634594242605,-0.466117861573852,1.00947575578641,1.95062204949986,0,0,0,0,0,0,0,-0.467628922264671,-2.02798415466463,-0.465830805384047,1.01036549304986,1.95220554981836,0,0,0,0,0,0,0,-0.46854189671154,-2.02903654875515,-0.465666600331466,1.01085707070328,1.9530492497481,0,0,0,0,0,0,0,-0.468962389645393,-2.02975352098728,-0.465569566916917,1.01113342157886,1.95349709758181,0,0,0,0,0,0,0,-0.469127417019827,-2.03027190189696,-0.465509661618033,1.0112928295181,1.95373333273056,0,0,0,0,0,0,0,-5.52897098645428,-4.30491644289827,0.166015367447905,4.13086593417214,8.35166523872383,0,0,0,0,0,0,0,-6.03411263481779,-5.84025913293594,-1.04753012612328,2.77674547488365,7.07182026606035,0,0,0,0,0,0,0,-4.0927856472596,-4.86809560534834,-0.126371025502671,2.6065101138282,4.59799072684351,0,0,0,0,0,0,0,-2.03731348873759,-3.05588157440133,-0.161630856719567,1.65422523587897,3.17540425971287,0,0,0,0,0,0,0,-1.30418115148148,-2.46831593180702,-0.349606966000467,1.35637858905584,2.58653189435377,0,0,0,0,0,0,0,-0.918047359102084,-2.26561410287978,-0.406198745396345,1.19525783230232,2.295660542005,0,0,0,0,0,0,0,-0.710694046384062,-2.15598573916338,-0.434663826305911,1.10952160484733,2.13758251805818,0,0,0,0,0,0,0,-0.599306702805533,-2.09711926815915,-0.449316480642167,1.06379654738992,2.05212947655488,0,0,0,0,0,0,0,-0.539471168425904,-2.06568952457888,-0.456974475993646,1.03937668193182,2.00724884350801,0,0,0,0,0,0,0,-0.507184122316751,-2.04890529171954,-0.460936731290762,1.02638892084731,1.98273459768721,0,0,0,0,0,0,0,-0.489758935234826,-2.04012076079293,-0.463050079852448,1.0194383995703,1.96927518862512,0,0,0,0,0,0,0,-0.480401447130252,-2.03560195793552,-0.46418332983681,1.01571639231762,1.96219249701559,0,0,0,0,0,0,0,-0.47529917168578,-2.03331178233537,-0.464772769515002,1.01374082958458,1.95839649532764,0,0,0,0,0,0,0,-0.472508302237226,-2.03221315755402,-0.465080702217635,1.01269308095913,1.95635823555396,0,0,0,0,0,0,0,-0.470961497959318,-2.03173764966078,-0.465238986751633,1.01214113043159,1.9552625925886,0,0,0,0,0,0,0,-0.470087753659521,-2.0315822325812,-0.465317951327757,1.01185370064471,1.95467257288032,0,0,0,0,0,0,0,-0.46958023383072,-2.03158615817089,-0.465355139315432,1.01170700235553,1.95435389597598,0,0,0,0,0,0,0,-0.469273827320709,-2.03166475486943,-0.465370568494746,1.01163482440523,1.95418094948225,0,0,0,0,0,0,0,-0.469079439011932,-2.03177396210405,-0.465374889766314,1.01160179214836,1.9540863716304,0,0,0,0,0,0,0,-0.468948798266186,-2.03189132182917,-0.465373742963213,1.01158904446207
-5.99999979795787,-5.9999999037644,-5.59554549540064,0.331418149926777,17.6646408384921,0,0,0,0,0,0,0,-11.0727565498848,-49.7372435489175,-43.0131975912951,-44.0974951578052,-32.1355264994958,0,0,0,0,0,0,0,-21.9601594207294,-50.0028047054116,-46.3711494928027,-46.3274671351811,-34.7545463624867,0,0,0,0,0,0,0,-23.7854678282894,-50.9976681775152,-46.8474670747581,-46.8503307496927,-35.7732387053375,0,0,0,0,0,0,0,-24.7006457455811,-51.5845141261974,-47.0920180705407,-47.124710590206,-36.3094488731116,0,0,0,0,0,0,0,-25.1943733082284,-51.897476892977,-47.2226840313306,-47.269782967347,-36.5931930433163,0,0,0,0,0,0,0,-25.4592003590116,-52.0652499667292,-47.2924139465869,-47.3468634718368,-36.7441233952657,0,0,0,0,0,0,0,-25.601129111905,-52.155408202532,-47.3297439946248,-47.387993665512,-36.8246643527087,0,0,0,0,0,0,0,-25.6769333552982,-52.2040733933443,-47.3497466837896,-47.4099641403743,-36.8676725266289,0,0,0,0,0,0,0,-25.7173590355849,-52.2304493155526,-47.360483092855,-47.4217119811713,-36.8906410206261,0,0,0,0,0,0,0,-25.7388456153732,-52.2448472595465,-47.3662570739103,-47.4279942226906,-36.9028946198704,0,0,0,0,0,0,0,-25.7502024091431,-52.2527950697704,-47.3693705236275,-47.4313517126275,-36.9094169957893,0,0,0,0,0,0,0,-25.7561493334807,-52.257257997501,-47.371056196455,-47.4331436792825,-36.9128745906941,0,0,0,0,0,0,0,-25.7592139699873,-52.2598283589003,-47.3719746989609,-47.4340977765135,-36.914694711471,0,0,0,0,0,0,0,-121.471913695844,-105.423544038247,-68.811496397894,-44.5950465144921,-45.949022288505,0,0,0,0,0,0,0,-110.654193398389,-113.611934417472,-84.0325505874892,-66.4392596008817,-73.0902016514299,0,0,0,0,0,0,0,-61.8906045526849,-90.6479550868844,-69.8139887504712,-59.7155714328658,-50.0151208239218,0,0,0,0,0,0,0,-42.4064986515071,-71.5817827153395,-53.103955468024,-51.296211156242,-45.523662897357,0,0,0,0,0,0,0,-34.7543986142417,-57.6280308968228,-49.5367241517627,-49.7169718865873,-41.4918225042159,0,0,0,0,0,0,0,-30.5449063383234,-55.172557243985,-48.5661143908183,-48.7207064355752,-39.467989347849,0,0,0,0,0,0,0,-28.3151924768097,-53.830173561313,-48.021565261703,-48.1420930720418,-38.312921421428,0,0,0,0,0,0,0,-27.1283330498903,-53.1041341752628,-47.7231510680676,-47.8192618913301,-37.6734895129779,0,0,0,0,0,0,0,-26.4944423326192,-52.7133673130677,-47.5613632620071,-47.6425653368039,-37.3249592918514,0,0,0,0,0,0,0,-26.155152305552,-52.5037133334123,-47.4741069289293,-47.5467838090496,-37.1363898855966,0,0,0,0,0,0,0,-25.97334986894,-52.3914511795243,-47.427216367354,-47.4951439636289,-37.0347754324025,0,0,0,0,0,0,0,-25.875834491166,-52.3314383826653,-47.4020696457233,-47.4673755012211,-36.9801422279259,0,0,0,0,0,0,0,-25.8234373216673,-52.2994627759028,-47.388590077538,-47.4524581232643,-36.9507846112221,0,0,0,0,0,0,0,-25.7952427036107,-52.2824940208455,-47.3813768560237,-47.4444501993274,-36.9350079481507,0,0,0,0,0,0,0,-25.7800300078224,-52.273549861164,-47.3775228566075,-47.4401512515674,-36.9265218357936,0,0,0,0,0,0,0,-25.77178654253,-52.2688885726243,-47.3754683445763,-47.4378421777478,-36.9219486929683,0,0,0,0,0,0,0,-25.7672890157733,-52.2665065305789,-47.3743770565584,-47.4366005164668,-36.9194762769489,0,0,0,0,0,0,0,-25.7648087849099,-52.265331776656,-47.3738008266706,-47.4359315217044,-36.918132506366,0,0,0,0,0,0,0,-25.7634182627731,-52.2647915259676,-47.3734995813844,-47.4355699000576,-36.9173959577382,0,0,0,0,0,0,0,-25.7626192849286,-52.2645803356104,-47.3733447783729,-47.4353733961189
10.0000000016299,10.000000000397,10.000000000477,39.0870884260008,84.0845504778329,0,0,0,0,0,0,0,225.448503669342,213.286174432532,217.918884923487,229.390682529076,257.577061640572,0,0,0,0,0,0,0,270.462394080921,235.111945504541,230.357109149969,239.880248860224,273.118062938286,0,0,0,0,0,0,0,282.790371928606,239.724393850617,232.88581169116,243.188567571848,280.210341398548,0,0,0,0,0,0,0,289.66871162818,242.378100063091,234.369171314851,245.049323859,284.058184919223,0,0,0,0,0,0,0,293.367179261379,243.801874668359,235.162217607952,246.042078944967,286.112387532641,0,0,0,0,0,0,0,295.351856539352,244.564512240201,235.586559546669,246.5729163285,287.210973825414,0,0,0,0,0,0,0,296.416721213945,244.97298769667,235.813973371351,246.857263408339,287.799269211083,0,0,0,0,0,0,0,296.988168585788,245.191350208346,235.935644044348,247.00944483357,288.1142378922,0,0,0,0,0,0,0,297.294896596478,245.307961058067,236.000795618651,247.090963281332,288.282936117231,0,0,0,0,0,0,0,297.459668501226,245.37009078773,236.035674595943,247.134634998375,288.373289658155,0,0,0,0,0,0,0,297.548306340092,245.40306748519,236.054337554887,247.158031130753,288.421672731936,0,0,0,0,0,0,0,297.596098636493,245.420459680371,236.064314467905,247.170563655722,288.447570338714,0,0,0,0,0,0,0,297.621964474347,245.429534288316,236.069639636554,247.177275269884,288.46142211891,0,0,0,0,0,0,0,665.999999999992,523.351771753784,355.649365217166,358.66922188647,473.001143145976,0,0,0,0,0,0,0,665.99999999011,510.498272580396,362.014254975595,374.21656251149,518.695478293897,0,0,0,0,0,0,0,574.854110566237,348.55290647007,292.481785644116,313.59176218745,420.582663953893,0,0,0,0,0,0,0,430.303162374099,295.80129645367,263.735687475192,279.360875154567,354.20633813902,0,0,0,0,0,0,0,364.329051045655,270.855166498645,249.834120978661,264.231782629707,323.932275999352,0,0,0,0,0,0,0,333.179611023151,259.052169791848,243.523364026971,256.449257540614,307.705191898619,0,0,0,0,0,0,0,316.630975122701,252.734147746353,240.088423024384,252.186663902442,298.846741622375,0,0,0,0,0,0,0,307.80419796904,249.350081341202,238.232519867881,249.876120411141,294.052829525886,0,0,0,0,0,0,0,303.086391777255,247.536829703937,237.233596848782,248.630367594788,291.47213282576,0,0,0,0,0,0,0,300.561889383644,246.564760996719,236.696869300436,247.960520118531,290.084491271649,0,0,0,0,0,0,0,299.210353996931,246.043555866433,236.408868091898,247.600928172101,289.338852170123,0,0,0,0,0,0,0,298.486559525079,245.763932866731,236.254391803163,247.408009664279,288.939267139483,0,0,0,0,0,0,0,298.098974316903,245.613783925457,236.171535145163,247.304553639856,288.72499204231,0,0,0,0,0,0,0,297.891524038949,245.533078717289,236.127100106744,247.249088904098,288.610103455814,0,0,0,0,0,0,0,297.780565787734,245.48961868601,236.103265334318,247.219355541466,288.548501099216,0,0,0,0,0,0,0,297.721289311033,245.466144784805,236.090474906536,247.203415922234,288.515464508363,0,0,0,0,0,0,0,297.689686088514,245.453404374485,236.083605931557,247.194870053271,288.49774109388,0,0,0,0,0,0,0,297.67289315665,245.446435977585,236.079912286895,247.190287315808,288.488227027081,0,0,0,0,0,0,0,297.664019633281,245.442578227384,236.077921945184,247.187828928928,288.48311459696,0,0,0,0,0,0,0,297.65937476955,245.440402709236,236.07684579088,247.18650934847
0,0,0,0,0,0,71.4632801281571,53.7484045596192,34.0095136954362,23.5817782438471,19.5757635659899,0,0,0,0,0,0,0,0.50440510742643,-1.17171661871858,0.0622239110133311,1.5490402210542,2.55062022294159,0,0,0,0,0,0,0,-0.740916647614959,-2.19844492406276,-0.443149689212541,1.10832038334243,2.14239094186951,0,0,0,0,0,0,0,-0.603477186795053,-2.11679612600921,-0.447226865004133,1.06897632949383,2.05926314134917,0,0,0,0,0,0,0,-0.539285924017609,-2.08070062138762,-0.455531625620799,1.04257798670919,2.01094157060924,0,0,0,0,0,0,0,-0.505238881435821,-2.06106990167385,-0.459932296227188,1.0284438271594,1.98459506526612,0,0,0,0,0,0,0,-0.487090943992409,-2.05024858151188,-0.462301608756569,1.02084230108241,1.97017201931932,0,0,0,0,0,0,0,-0.477546512851705,-2.04419550731356,-0.463596682434397,1.01673488038758,1.96258373037759,0,0,0,0,0,0,0,-0.472519691115348,-2.04069410914366,-0.464295156827082,1.01452034218001,1.95852782787435,0,0,0,0,0,0,0,-0.46992318857855,-2.03860495435571,-0.464681394278341,1.01331591234082,1.95635997509922,0,0,0,0,0,0,0,-0.468615406831435,-2.03729904915762,-0.464899196592194,1.01265482010811,1.9552033629118,0,0,0,0,0,0,0,-0.467987993606371,-2.03643584011016,-0.465025502524972,1.01228678820137,1.95458808703025,0,0,0,0,0,0,0,-0.467716165556156,-2.03582997612984,-0.465101626093917,1.012077488791,1.95426237259822,0,0,0,0,0,0,0,0.413377181688913,-1.2791623585445,0.106539389832396,-4.82945787500088,-2.67443713272676,0,0,0,0,0,0,0,5.9999999990696,4.71657259575981,0.158259560402884,-1.25225509743532,-2.16976980829244,0,0,0,0,0,0,0,1.36084549864683,3.1488729550951,0.646980713584399,-0.463792216960924,-2.59763734866775,0,0,0,0,0,0,0,1.86750908526335,-0.643931688817067,-0.590945222292675,0.180094164532099,0.191435049019141,0,0,0,0,0,0,0,0.695456714957377,-1.39086436446356,-0.575221103158811,0.556979914304989,1.05676502007859,0,0,0,0,0,0,0,0.150499564354313,-1.70267935103142,-0.533914085697992,0.765252050501471,1.47850280011109,0,0,0,0,0,0,0,-0.136281944835669,-1.85954244271289,-0.503697186618023,0.879198328415784,1.70064420094285,0,0,0,0,0,0,0,-0.289661835018252,-1.94257852647697,-0.48629308464429,0.940645305653677,1.81868426902136,0,0,0,0,0,0,0,-0.371937677621355,-1.98660996910563,-0.476648766675682,0.973661636352327,1.88123071161991,0,0,0,0,0,0,0,-0.415711092041223,-2.00962900853038,-0.471214217650797,0.991506723757548,1.91503392565386,0,0,0,0,0,0,0,-0.439368975922967,-2.02183858596636,-0.46835517906503,1.00101072440714,1.93309016438779,0,0,0,0,0,0,0,-0.452389296537996,-2.02834207231496,-0.466922923688844,1.00601766021944,1.94270475278259,0,0,0,0,0,0,0,-0.459315111314806,-2.0315968583338,-0.466113822760738,1.00872566483741,1.94789144039978,0,0,0,0,0,0,0,-0.463084757743407,-2.03320068398438,-0.465687178709455,1.01016591251048,1.95067474804657,0,0,0,0,0,0,0,-0.465159308786103,-2.03393883495751,-0.465465543516347,1.01092760017435,1.95216963045531,0,0,0,0,0,0,0,-0.466318839880888,-2.03422807953474,-0.46535299946085,1.01132685605858,1.9529737098598,0,0,0,0,0,0,0,-0.466982145788094,-2.03428987940242,-0.465298176087099,1.01153297251437,1.95340723959059,0,0,0,0,0,0,0,-0.467374364575219,-2.03424127442494,-0.465273615059633,1.01163654747663,1.95364187166792,0,0,0,0,0,0,0,-0.467616784392743,-2.03414356396079,-0.465264678795563,1.0116860166415,1.95376963084069,0,0,0,0,0,0,0,-0.467774958981686,-2.03402835836188,-0.465263595329016,1.01170723296127,1.95383986749294,0,0,0,0,0
0,0,0,0,0,0,5.29596572901777,49.9013906487443,35.8816687326287,42.283456245782,37.8355862587629,0,0,0,0,0,0,0,29.4981665359455,56.3026891610039,48.2623791491448,48.6777493138478,39.6005273074407,0,0,0,0,0,0,0,28.5068416114351,53.9717335913379,48.0779524282587,48.1973900091615,38.4143518220966,0,0,0,0,0,0,0,27.2201737535559,53.1859987940021,47.7510698686427,47.8472365481805,37.7265019099544,0,0,0,0,0,0,0,26.5388415756701,52.7637905950702,47.5768678810927,47.6575248787607,37.3525729170144,0,0,0,0,0,0,0,26.175133240158,52.53624334201,47.4829146850576,47.5546774770566,37.1502913075337,0,0,0,0,0,0,0,25.9807405756411,52.413701507888,47.432354286441,47.4992284215994,37.0413765124076,0,0,0,0,0,0,0,25.8768957541648,52.3475826130569,47.4051835358688,47.4694252690443,36.982916898792,0,0,0,0,0,0,0,25.8214664612232,52.3118139221481,47.3905730271177,47.4534311952847,36.9515970380619,0,0,0,0,0,0,0,25.791960440583,52.2923568218682,47.3827144423923,47.4448606474657,36.9348501255904,0,0,0,0,0,0,0,25.776319231185,52.2816798868289,47.3784805609253,47.4402735218475,36.9259165357206,0,0,0,0,0,0,0,25.7680864229646,52.2757399428999,47.3761927657823,47.437821927408,36.9211674995919,0,0,0,0,0,0,0,25.7638052597539,52.2723657061008,47.3749504561143,47.4365144066888,36.9186569781336,0,0,0,0,0,0,0,29.2112494997412,73.504213156311,47.285574159553,-11.0775431202347,-5.99999999140819,0,0,0,0,0,0,0,2.07042157163568,-4.62001921378563,-0.569820613726833,1.32747032091663,-4.46637190496664,0,0,0,0,0,0,0,3.94851296844741,22.0279096278339,27.3015928420144,19.6276916209538,-12.3448652514306,0,0,0,0,0,0,0,3.20760852146559,37.0912848734033,40.793511056645,40.2151394903609,21.4541795282179,0,0,0,0,0,0,0,13.5892875607518,44.5723192743748,44.0095256457828,43.514981320857,29.3661779194032,0,0,0,0,0,0,0,19.3736803967679,48.1618400929053,45.6207676552531,45.4417835674666,33.0528478765578,0,0,0,0,0,0,0,22.3148772896853,50.0888202298644,46.4524178288067,46.4015549274597,34.9006007308896,0,0,0,0,0,0,0,23.9061720029954,51.1072821339988,46.8851521269914,46.890980956853,35.8512957839554,0,0,0,0,0,0,0,24.7635271023093,51.6488594253402,47.1133677385286,47.1462412042733,36.349561802101,0,0,0,0,0,0,0,25.2241668340131,51.937758515595,47.2345639696895,47.2809999823001,36.6134174555435,0,0,0,0,0,0,0,25.4716682282866,52.0919654595598,47.299196507217,47.3526624110412,36.7539624743107,0,0,0,0,0,0,0,25.6047337511646,52.1742217938553,47.3337547839105,47.3909355718783,36.8290950799147,0,0,0,0,0,0,0,25.6761588861014,52.2181043833738,47.3522289043596,47.4114015254051,36.869318423212,0,0,0,0,0,0,0,25.7145689118933,52.241432022325,47.3621062381232,47.4223620579604,36.8908870955131,0,0,0,0,0,0,0,25.7352668918043,52.2537703280195,47.3673841194063,47.4282377270281,36.9024696545832,0,0,0,0,0,0,0,25.7464571842844,52.2602406327546,47.3702001582789,47.4313904094956,36.9087012002048,0,0,0,0,0,0,0,25.7525396397607,52.2635839860416,47.371698707331,47.4330839693614,36.912063073841,0,0,0,0,0,0,0,25.7558740710728,52.265266921962,47.3724925798493,47.4339952474241,36.9138845784521,0,0,0,0,0,0,0,25.7577265459674,52.2660734235234,47.3729099585543,47.4344868834471,36.9148782082213,0,0,0,0,0,0,0,25.7587767391512,52.2664219731372,47.3731265640732,47.4347532363972,36.9154260361567,0,0,0,0,0
0,0,0,0,0,0,217.440161946312,165.992666208174,174.659727506465,211.122442590738,289.789987135129,0,0,0,0,0,0,0,335.951064866182,260.409648628406,244.610523826937,257.716170037247,309.659696579092,0,0,0,0,0,0,0,318.196427955025,253.316440444178,240.427809640243,252.587921213607,299.639971848965,0,0,0,0,0,0,0,308.600368840096,249.619644606545,238.39293226371,250.078387512501,294.470424799687,0,0,0,0,0,0,0,303.521166188877,247.672735378739,237.31915670879,248.739126826582,291.695785589225,0,0,0,0,0,0,0,300.802384790026,246.630007668002,236.742109397921,248.018768885609,290.20372746542,0,0,0,0,0,0,0,299.345961052539,246.071887333557,236.432548139107,247.632051263424,289.402090778618,0,0,0,0,0,0,0,298.565173431722,245.7733010954,236.26657822342,247.424588449035,288.97253770395,0,0,0,0,0,0,0,298.146324682472,245.61370463874,236.177620876806,247.313344425178,288.742267593145,0,0,0,0,0,0,0,297.921480532482,245.528563367482,236.129970193814,247.253715838852,288.618872091958,0,0,0,0,0,0,0,297.800637780918,245.48327606645,236.104459975279,247.221760876141,288.55277007292,0,0,0,0,0,0,0,297.735569827572,245.459305467716,236.090813832501,247.204639676356,288.517374724225,0,0,0,0,0,0,0,297.700429320498,245.446722124533,236.083523311331,247.195468575759,288.498433598645,0,0,0,0,0,0,0,303.611099074306,244.019194479049,187.786583291602,18.4625718670839,10.0000000000151,0,0,0,0,0,0,0,10.0000000000564,10.0000000004041,10.0000000015693,10.0000000004726,10.0000000055587,0,0,0,0,0,0,0,10.0000000000138,98.9417640526024,150.601723215556,129.69061442693,50.7583333145017,0,0,0,0,0,0,0,121.269903619991,176.084317564514,195.958527408982,196.672327167453,184.7161950299,0,0,0,0,0,0,0,208.196468897841,210.421110897097,216.142407436324,222.148707314779,237.066257959221,0,0,0,0,0,0,0,249.863765470021,226.876077472789,225.62124199837,234.0477712292,261.367750304384,0,0,0,0,0,0,0,271.945606803975,235.482043336339,230.5139165628,240.214527806266,274.070580774591,0,0,0,0,0,0,0,283.851314917888,240.096452860216,233.106259600897,243.469279786586,280.790730438486,0,0,0,0,0,0,0,290.252665041553,242.570806971394,234.487345420568,245.199398614483,284.367090680057,0,0,0,0,0,0,0,293.688806039513,243.897063412893,235.224705396435,246.122125253614,286.276643447241,0,0,0,0,0,0,0,295.53160126307,244.608459486149,235.619404014241,246.615623700072,287.298111104262,0,0,0,0,0,0,0,296.519457689345,244.990324488526,235.831020402514,246.88001485904,287.845252339368,0,0,0,0,0,0,0,297.048817336695,245.195192913036,235.944299834396,247.021529238067,288.138273717224,0,0,0,0,0,0,0,297.33229548537,245.305242882197,236.005015082845,247.097347395152,288.295290313058,0,0,0,0,0,0,0,297.484003009508,245.3644447126,236.037568610644,247.137976387874,288.379449847042,0,0,0,0,0,0,0,297.565110711875,245.396367964743,236.055030636688,247.159751924974,288.424570528021,0,0,0,0,0,0,0,297.608404228814,245.413647727324,236.064403596396,247.171424595953,288.44876951442,0,0,0,0,0,0,0,297.631452970631,245.423058530236,236.06943984272,247.17768294639,288.461754528623,0,0,0,0,0,0,0,297.643670705774,245.428233652631,236.072150391061,247.181039404449,288.468727889973,0,0,0,0,0,0,0,297.650100343039,245.431122554919,236.07361314154,247.18284039384,288.472477739087,0,0,0,0,0
259.678560509705,251.686048847533,241.648926846465,218.97727226226,189.874618494322,0,0,0,0,0,0,0,9.84266513229868,6.0533147061115,3.99483740878239,4.29562386573757,4.27777200083303,0,0,0,0,0,0,0,-0.0486150108645836,-1.78399438275496,-0.515461114972499,0.853482378911411,1.66205566580901,0,0,0,0,0,0,0,-0.288219294879207,-1.92507074183508,-0.49060136719595,0.932587952140437,1.80877958165127,0,0,0,0,0,0,0,-0.370739494569595,-1.96999421355313,-0.478147620255106,0.969774595099386,1.87883721502916,0,0,0,0,0,0,0,-0.417007374218531,-1.99632917470141,-0.472303574585441,0.989032138131067,1.91485764131034,0,0,0,0,0,0,0,-0.441837924081091,-2.01084780243024,-0.469169641100041,0.999357218119577,1.93410357162325,0,0,0,0,0,0,0,-0.45527675315497,-2.01906812885021,-0.467560181126758,1.00484558693792,1.94434391388711,0,0,0,0,0,0,0,-0.462227749976262,-2.02365939679559,-0.46663038344075,1.00784724175613,1.94985437066821,0,0,0,0,0,0,0,-0.465848965220493,-2.02634499950401,-0.466117146772059,1.00947588709923,1.95280075753578,0,0,0,0,0,0,0,-0.467700113976297,-2.02798322252543,-0.46583008863242,1.01036562293149,1.95437406526672,0,0,0,0,0,0,0,-0.468613746226687,-2.02903562250399,-0.465665882512218,1.01085719985031,1.95521226659983,0,0,0,0,0,0,0,-0.46903459713396,-2.02975259797549,-0.465568848544754,1.01113355034082,1.95565712990062,0,0,0,0,0,0,0,-0.469199814383812,-2.03027098073443,-0.465508942962224,1.01129295808111,1.95589173076839,0,0,0,0,0,0,0,-5.5289709864811,-4.30491644288398,0.166015367429323,4.13086593416562,8.35166523892055,0,0,0,0,0,0,0,-6.0341126348212,-5.84025913293613,-1.04753012622189,2.77674547487152,7.07182026605247,0,0,0,0,0,0,0,-4.09278564774375,-4.8680957889752,-0.126371395064086,2.6065098513482,4.59799074820968,0,0,0,0,0,0,0,-2.03731366673634,-3.05588153918844,-0.161630769417736,1.6542258800696,3.17540425404482,0,0,0,0,0,0,0,-1.30411614393204,-2.46831550562908,-0.349606933745569,1.3563784605085,2.58653213294605,0,0,0,0,0,0,0,-0.918020312783591,-2.26561338961111,-0.40619861139394,1.19525780012909,2.29687025763403,0,0,0,0,0,0,0,-0.710655946755559,-2.15598520664164,-0.434663341514619,1.10952162053342,2.14013103770222,0,0,0,0,0,0,0,-0.599332235342162,-2.09711872488295,-0.44931579787066,1.0637965886914,2.05614616753908,0,0,0,0,0,0,0,-0.539511183050207,-2.06568889055663,-0.45697371456545,1.0393767601189,2.00725143267724,0,0,0,0,0,0,0,-0.507189220687322,-2.04890455081043,-0.460935975745238,1.02638902336853,1.98273755599253,0,0,0,0,0,0,0,-0.489829155784145,-2.04011993659452,-0.463049341048434,1.01943851412877,1.97133624963497,0,0,0,0,0,0,0,-0.480475205921941,-2.03560109017044,-0.464182600562406,1.01571651322953,1.96429787063735,0,0,0,0,0,0,0,-0.475375280667784,-2.03331089095025,-0.464772045117197,1.01374095392519,1.9605258061791,0,0,0,0,0,0,0,-0.472582736261131,-2.03221225340467,-0.465079980324894,1.01269320713862,1.95850017141949,0,0,0,0,0,0,0,-0.471035087466541,-2.03173673870773,-0.465238266207183,1.01214125759975,1.95741124725477,0,0,0,0,0,0,0,-0.470160884643549,-2.03158131804642,-0.465317231534616,1.01185382839278,1.95682480628937,0,0,0,0,0,0,0,-0.46965311363464,-2.03158524175436,-0.465354419908588,1.01170713039584,1.95650802532003,0,0,0,0,0,0,0,-0.469346570116209,-2.03166383752924,-0.465369849302056,1.01163495260772,1.95633607488296,0,0,0,0,0,0,0,-0.469152106348748,-2.03177304431576,-0.465374170692114,1.01160192043422,1.95624201308228,0,0,0,0,0,0,0,-0.469021423412981,-2.03189040382232,-0.465373023937009,1.01158917278862
-93.2770111428011,-87.2640507244471,-83.1252146419616,-76.0793823169627,-59.6392152782493,0,0,0,0,0,0,0,-29.0835687013529,-48.6441109094209,-43.6123843131436,-38.348940754652,-24.3712804839449,0,0,0,0,0,0,0,-25.8054743485103,-52.5530780663381,-42.0432264203251,-37.8814194378631,-25.1548759137867,0,0,0,0,0,0,0,-27.4608424861524,-53.9342557717505,-42.431552498643,-38.3444310359161,-25.9530027335917,0,0,0,0,0,0,0,-28.4282262786855,-54.6234435698854,-42.6415741004711,-38.5831051015267,-26.3663679635975,0,0,0,0,0,0,0,-28.9460617823624,-54.9937487631906,-42.7522871964368,-38.7088808011785,-26.5848533142778,0,0,0,0,0,0,0,-29.2238494429812,-55.1921905719555,-42.8112285756315,-38.7757159250832,-26.7010701833227,0,0,0,0,0,0,0,-29.3726088325987,-55.2986122942169,-42.8426735332148,-38.8113427545707,-26.7630402639243,0,0,0,0,0,0,0,-29.4521811341487,-55.3559291055879,-42.8595430059154,-38.8304071947846,-26.7961274222827,0,0,0,0,0,0,0,-29.4946519759018,-55.3868306950067,-42.8685903396041,-38.8406078988817,-26.8137771982888,0,0,0,0,0,0,0,-29.5172508599992,-55.4035573631044,-42.8734500200347,-38.8460680728895,-26.8231746438332,0,0,0,0,0,0,0,-29.5292174438776,-55.4126678442698,-42.8760656650216,-38.8489907298466,-26.8281601255796,0,0,0,0,0,0,0,-29.5355030143275,-55.4176788549281,-42.8774777458949,-38.850554545904,-26.8307882676647,0,0,0,0,0,0,0,-29.5387594837293,-55.4204771089462,-42.878243667602,-38.8513906159466,-26.8321586829831,0,0,0,0,0,0,0,-139.34884316751,-113.90417790308,-61.145905622963,-36.4732170008735,-33.7464074910603,0,0,0,0,0,0,0,-125.706180778253,-123.325906829205,-73.7285663122234,-54.6434879765766,-55.2247849683647,0,0,0,0,0,0,0,-66.6723943740009,-101.477978564438,-60.6394011409374,-50.1421323314175,-38.2368345965369,0,0,0,0,0,0,0,-47.1079200617837,-77.7640150432478,-47.1123185163403,-42.4485243005026,-33.5701079582414,0,0,0,0,0,0,0,-39.0166019104524,-61.8859682767544,-44.6690187584927,-40.8398129227049,-30.3781543114547,0,0,0,0,0,0,0,-34.5711179685615,-58.9090547498216,-43.8757841415523,-39.9696439864052,-28.8060753239803,0,0,0,0,0,0,0,-32.22314328842,-57.2961072173343,-43.4236510879287,-39.4660666086546,-27.9120737867773,0,0,0,0,0,0,0,-30.9755911506855,-56.4278066797798,-43.1738554489968,-39.1855548891863,-27.4181279823552,0,0,0,0,0,0,0,-30.3099212621407,-55.9615519463799,-43.037858333339,-39.0321568108509,-27.1483852595837,0,0,0,0,0,0,0,-29.9539946287379,-55.7115655643136,-42.9644193466499,-38.9490898827826,-27.0028607015862,0,0,0,0,0,0,0,-29.7633198393654,-55.5776778014237,-42.9248868494005,-38.9043122625527,-26.9248446936259,0,0,0,0,0,0,0,-29.6610146158806,-55.5060398334294,-42.9036518352646,-38.8802324458064,-26.8826752988528,0,0,0,0,0,0,0,-29.606096131511,-55.4677557510133,-42.8922703625903,-38.8673057349749,-26.8600051497416,0,0,0,0,0,0,0,-29.5765616047356,-55.4473441835738,-42.8861754278383,-38.8603699548135,-26.8478105145068,0,0,0,0,0,0,0,-29.5606399311705,-55.4364997614174,-42.8829155625316,-38.8566494997594,-26.8412405585233,0,0,0,0,0,0,0,-29.5520242745647,-55.4307713844121,-42.8811750003365,-38.8546536761477,-26.8376907019299,0,0,0,0,0,0,0,-29.547334033199,-55.4277746700189,-42.8802480801459,-38.8535826625071,-26.835763356947,0,0,0,0,0,0,0,-29.5447564183971,-55.4262329456409,-42.8797565416981,-38.8530075365131,-26.8347087387031,0,0,0,0,0,0,0,-29.5433188720015,-55.4254630861841,-42.8794977085097,-38.8526983349894,-26.8341245423789,0,0,0,0,0,0,0,-29.542499221924,-55.4250999529455,-42.8793630265925,-38.852531776854
432.797600850549,419.476748079264,402.74821141121,383.180754239205,372.084626540242,0,0,0,0,0,0,0,237.244192183954,217.804463617394,213.558343173976,217.17213656524,239.561342512464,0,0,0,0,0,0,0,246.404131786764,216.374639923244,211.598930897942,219.258207912021,250.404000012888,0,0,0,0,0,0,0,260.151035623352,222.005888708899,214.69309323317,222.753707568675,257.393902392175,0,0,0,0,0,0,0,267.352272179253,224.864797612674,216.212217487926,224.508769638109,261.033816751378,0,0,0,0,0,0,0,271.21978577918,226.399042646642,217.025136363051,225.446312877445,262.977327173629,0,0,0,0,0,0,0,273.293950866615,227.221977900358,217.460304252527,225.947699144917,264.01700937681,0,0,0,0,0,0,0,274.404885906557,227.663039579832,217.693159900814,226.215981122864,264.573750123844,0,0,0,0,0,0,0,275.000738493401,227.900157496569,217.818180742769,226.359813837044,264.872139877434,0,0,0,0,0,0,0,275.319798056308,228.027562764438,217.885224152857,226.436884125485,265.032099041114,0,0,0,0,0,0,0,275.490518189507,228.096125398142,217.921199555528,226.478193121997,265.117895093293,0,0,0,0,0,0,0,275.581762812737,228.133115837398,217.940521127217,226.500340354075,265.163944872052,0,0,0,0,0,0,0,275.630442028893,228.153155003728,217.950912892425,226.51221843507,265.188687395525,0,0,0,0,0,0,0,275.65633567181,228.164082879852,217.956514552751,226.518592272488,265.202003698835,0,0,0,0,0,0,0,665.999999999992,515.703830174987,338.751873480247,333.64785260442,445.107649671342,0,0,0,0,0,0,0,665.999999989705,495.294724275564,337.889310600848,340.846123962801,479.730953557328,0,0,0,0,0,0,0,568.849206069012,341.670729526926,277.731238213024,290.915759771859,391.616191865446,0,0,0,0,0,0,0,415.185256151284,282.954454628161,246.97660791657,257.446060021401,327.786174890978,0,0,0,0,0,0,0,345.648654371168,255.644945360028,232.210925863123,242.730087232727,298.846573883633,0,0,0,0,0,0,0,312.938371911966,242.849671008368,225.641500492599,235.308433132097,283.433421101941,0,0,0,0,0,0,0,295.580815303208,236.024392961914,222.089411651178,231.260272335118,275.034769309937,0,0,0,0,0,0,0,286.328409845184,232.376562652711,220.177292048151,229.070918377922,270.494920606023,0,0,0,0,0,0,0,281.384307943728,230.424889737953,219.1502568181,227.891974738995,268.047397101606,0,0,0,0,0,0,0,278.739358832203,229.380480793873,218.59944446032,227.258690518707,266.734217719011,0,0,0,0,0,0,0,277.322780001024,228.821232694739,218.30408733744,226.918838832709,266.031553333509,0,0,0,0,0,0,0,276.563503002234,228.521748892987,218.145750958031,226.736550923212,265.653726601645,0,0,0,0,0,0,0,276.156491182723,228.361482254346,218.060917737178,226.638828259797,265.451221786914,0,0,0,0,0,0,0,275.938198859649,228.275777115743,218.015479284375,226.586452319439,265.342725830039,0,0,0,0,0,0,0,275.82105297853,228.230005890196,217.991153655415,226.558386404427,265.284621395693,0,0,0,0,0,0,0,275.758128884108,228.205615832641,217.978140618544,226.543350342139,265.253521790363,0,0,0,0,0,0,0,275.724279858035,228.192667081565,217.971187617935,226.53529721783,265.236890910302,0,0,0,0,0,0,0,275.706028084813,228.185834888979,217.967479829055,226.530985959515,265.228010047414,0,0,0,0,0,0,0,275.696148861366,228.182267496513,217.965508975735,226.52867953905,265.223278762175,0,0,0,0,0,0,0,275.69076868856,228.180438209281,217.964466997722,226.527447071323
0,0,0,0,0,0,71.4633737887929,53.7484726713819,34.0097915422338,23.5818084358696,19.5757650452079,0,0,0,0,0,0,0,0.504418338854504,-1.17171585425695,0.0622240299701708,1.54904017832556,2.55165618601333,0,0,0,0,0,0,0,-0.740848645407963,-2.19844437624104,-0.443149233632511,1.10832039616833,2.14475739425163,0,0,0,0,0,0,0,-0.603480835947858,-2.11679559730388,-0.447226194873499,1.06897636877594,2.06312989685826,0,0,0,0,0,0,0,-0.539322986510576,-2.08070001587117,-0.45553087127201,1.04257806219051,2.01094409906223,0,0,0,0,0,0,0,-0.505243795770227,-2.06106918101068,-0.459931538123327,1.02844392850703,1.98459798694009,0,0,0,0,0,0,0,-0.487161120289932,-2.05024777239582,-0.462300868483814,1.02084241523336,1.97222359275678,0,0,0,0,0,0,0,-0.477620198569226,-2.04419464897373,-0.463595952372769,1.0167350012743,1.96468311529939,0,0,0,0,0,0,0,-0.472595845600118,-2.04069322471204,-0.464294432330056,1.01452046668151,1.96065317601872,0,0,0,0,0,0,0,-0.469997572120433,-2.03860405562313,-0.464680672453562,1.01331603878282,1.9584991521154,0,0,0,0,0,0,0,-0.468688907259928,-2.03729814258789,-0.464898476164476,1.01265494757948,1.95734996840583,0,0,0,0,0,0,0,-0.468061020571653,-2.03643492921064,-0.465024782853027,1.01228691621059,1.95673872280073,0,0,0,0,0,0,0,-0.467788940637026,-2.03582906282464,-0.465100906836739,1.01207761706826,1.95641520813516,0,0,0,0,0,0,0,0.413377181731149,-1.27916235854204,0.106539389845793,-4.82945788489433,-2.67443730294025,0,0,0,0,0,0,0,5.9999999990618,4.71663896039369,0.158259572339478,-1.25225500375913,-2.16976635556591,0,0,0,0,0,0,0,1.36084549852227,3.14887295509495,0.646980715071035,-0.463792216997444,-2.59760832771181,0,0,0,0,0,0,0,1.86748338502632,-0.643905437449052,-0.590944051519198,0.180101140002797,0.191514457556349,0,0,0,0,0,0,0,0.695494501980927,-1.39083370464005,-0.575219931958146,0.55698011957406,1.05677851738583,0,0,0,0,0,0,0,0.150845201530229,-1.70266139296277,-0.533914089815654,0.76525386121946,1.47850609283695,0,0,0,0,0,0,0,-0.136207143777164,-1.85953610378427,-0.503696992405212,0.879199111148748,1.7006455191279,0,0,0,0,0,0,0,-0.28975737905014,-1.94257763888898,-0.486292760833288,0.940645600762354,1.81974396031083,0,0,0,0,0,0,0,-0.37204356903991,-1.98660929336217,-0.476648192621622,0.973661834618436,1.88385399534605,0,0,0,0,0,0,0,-0.415719078967665,-2.00962843274629,-0.471213551190194,0.991506888664679,1.91743479574232,0,0,0,0,0,0,0,-0.439434838283551,-2.02183753162813,-0.468354487321374,1.00101087215991,1.93537537972914,0,0,0,0,0,0,0,-0.452456874406385,-2.02834108340137,-0.466922219024285,1.00601779906028,1.94492967308858,0,0,0,0,0,0,0,-0.459382947051711,-2.03159590360406,-0.466113111445649,1.0087257989163,1.95008420095071,0,0,0,0,0,0,0,-0.46315473199879,-2.03319974724459,-0.465686463886949,1.01016604407296,1.95285012950148,0,0,0,0,0,0,0,-0.465230426866292,-2.0339379077165,-0.465464826848308,1.01092773036044,1.95433575908518,0,0,0,0,0,0,0,-0.466390591362141,-2.03422715726762,-0.465352281764575,1.01132698549702,1.95513491616843,0,0,0,0,0,0,0,-0.467054243239405,-2.03428895974626,-0.465297457850237,1.01153310153462,1.95556583501608,0,0,0,0,0,0,0,-0.467446654033458,-2.03424035608878,-0.465272896565267,1.01163667628798,1.9557990902399,0,0,0,0,0,0,0,-0.467689179646434,-2.03414264631109,-0.465263960111713,1.01168614533424,1.95592613079934,0,0,0,0,0,0,0,-0.467847414019749,-2.03402744102246,-0.465262876553836,1.01170736157398,1.95599599907939,0,0,0,0,0
0,0,0,0,0,0,58.6705536833324,84.4789100819737,58.5736989585343,49.2741322764695,36.4409567393547,0,0,0,0,0,0,0,36.2998610932571,58.3513988482442,44.3249134668765,40.1781073219228,28.9825433774811,0,0,0,0,0,0,0,32.407414760993,57.4516299146741,43.4595828012585,39.5074457577746,27.9848070284303,0,0,0,0,0,0,0,31.0725273784408,56.5159312758202,43.1967443990642,39.2102175744455,27.4578200311329,0,0,0,0,0,0,0,30.3580282076233,56.0125252788661,43.050612605591,39.0454828937733,27.1685879130866,0,0,0,0,0,0,0,29.9762529795837,55.7423584544312,42.971569269296,38.9562226434239,27.0125977640347,0,0,0,0,0,0,0,29.7722051409795,55.5972203669408,42.9289770720906,38.9080985378674,26.9290621512643,0,0,0,0,0,0,0,29.6631198227128,55.5191766190958,42.9060640612643,38.8822207336832,26.884045993272,0,0,0,0,0,0,0,29.6048982018861,55.4771310426668,42.8937542658596,38.868332830199,26.8599558724872,0,0,0,0,0,0,0,29.5738809708743,55.4544160115321,42.887137711071,38.8608858880718,26.8470955948549,0,0,0,0,0,0,0,29.5574159795127,55.4420850916124,42.8835775681837,38.8568955104455,26.8402533063421,0,0,0,0,0,0,0,29.5487292453816,55.4353391140843,42.8816580293612,38.8547587138866,26.8366317433054,0,0,0,0,0,0,0,29.544193825196,55.4316033008813,42.8806193986156,38.8536154271717,26.8347311425827,0,0,0,0,0,0,0,34.3335960342957,78.2937932182463,42.956626472847,-13.3334927694793,-5.99999999737754,0,0,0,0,0,0,0,5.99999999948719,-2.45552472197918,-0.76974367886196,0.299440822588467,-4.68246420955615,0,0,0,0,0,0,0,5.99999999998836,26.7713836462871,25.25368242689,15.7853194679413,-10.1743637700658,0,0,0,0,0,0,0,7.77098112102588,38.3099950502278,37.0810805059697,32.5739142269953,14.9892251896745,0,0,0,0,0,0,0,16.9559128192903,46.449270502383,39.963134610056,35.4638418912274,21.0404113378013,0,0,0,0,0,0,0,22.8613221455791,50.5935090313315,41.379776134346,37.1288376023517,23.8623011701413,0,0,0,0,0,0,0,25.933069804851,52.8482507940168,42.0961939489499,37.9575875371405,25.2804806440593,0,0,0,0,0,0,0,27.5978710909212,54.0490103516622,42.4655142624675,38.3809814385399,26.0120337852941,0,0,0,0,0,0,0,28.4957013023848,54.6901866037822,42.6592711373943,38.6020203014037,26.3959694272766,0,0,0,0,0,0,0,28.9786626499903,55.0332191613534,42.7620171021654,38.7188674593598,26.5993382202281,0,0,0,0,0,0,0,29.2381320459705,55.2165812927744,42.8166864416525,38.7809842268543,26.707700362931,0,0,0,0,0,0,0,29.377445825717,55.3145217740338,42.8458244793368,38.8141091740685,26.7656247798624,0,0,0,0,0,0,0,29.452296044854,55.3669475777551,42.8614330823949,38.8318447862144,26.7966699756439,0,0,0,0,0,0,0,29.4925389024155,55.3949217134738,42.8697809783387,38.8413403003307,26.8133311258976,0,0,0,0,0,0,0,29.5142106126979,55.40981063483,42.8742442682474,38.846427640585,26.8222900039272,0,0,0,0,0,0,0,29.5259147843795,55.417700357951,42.8766283556956,38.8491546616272,26.8271200588872,0,0,0,0,0,0,0,29.532265526339,55.4218502642475,42.8778995013892,38.8506172082321,26.8297345979006,0,0,0,0,0,0,0,29.535737465139,55.4240056091719,42.8785751055681,38.8514021171256,26.8311588057116,0,0,0,0,0,0,0,29.5376581222686,55.4251004859115,42.8789322666232,38.8518237735854,26.8319423154055,0,0,0,0,0,0,0,29.5387400201366,55.4256344454048,42.8791193779263,38.8520506433145,26.8323799855933,0,0,0,0,0
0,0,0,0,0,0,457.935869129104,353.352358033239,311.700576637925,302.801516400044,344.483671099227,0,0,0,0,0,0,0,315.617002434562,243.662888145075,225.731802079697,235.38941399462,284.224463030671,0,0,0,0,0,0,0,297.00749801173,236.595700207354,222.371147099282,231.594871052275,275.765288471665,0,0,0,0,0,0,0,287.116615914962,232.716293037449,220.34896370581,229.264325182994,270.898944951674,0,0,0,0,0,0,0,281.798214020493,230.612713467628,219.243020362984,227.995820233399,268.266278630536,0,0,0,0,0,0,0,278.954848477752,229.486799383192,218.650162523531,227.314673826407,266.853441777918,0,0,0,0,0,0,0,277.432924428245,228.883251649109,218.332152075944,226.949091537896,266.097017775588,0,0,0,0,0,0,0,276.617898318788,228.559422527169,218.16156173203,226.752967197244,265.690161856636,0,0,0,0,0,0,0,276.181593301124,228.385567805615,218.070064988204,226.647799281815,265.471923056202,0,0,0,0,0,0,0,275.948104201187,228.292102804011,218.020971916098,226.591410325312,265.354847123545,0,0,0,0,0,0,0,275.823251601979,228.241752900849,217.994614848821,226.56117472476,265.292017069871,0,0,0,0,0,0,0,275.756580276955,228.214540367462,217.980449368355,226.544959555421,265.258273864328,0,0,0,0,0,0,0,275.721058660246,228.199755554599,217.972822884124,226.536260323597,265.240129070751,0,0,0,0,0,0,0,288.823230586487,242.807756977398,201.971324783446,22.2224879491587,10.0000000000165,0,0,0,0,0,0,0,10.0000000000431,10.0000000024015,10.0000000013977,10.0000000003368,10.0000000043743,0,0,0,0,0,0,0,10.0000000000118,68.8460844285749,132.284348829936,118.339194472714,41.6056293276754,0,0,0,0,0,0,0,91.9403860481165,154.397093292879,177.63901292879,179.452895921082,167.496477455447,0,0,0,0,0,0,0,182.301460461569,190.790455519381,197.755522350791,203.025863565593,216.706386971201,0,0,0,0,0,0,0,225.715755693761,208.312068082392,207.321048443081,214.167803837642,239.612308077983,0,0,0,0,0,0,0,248.773272121459,217.512722596731,212.284243033042,219.956354397978,251.599984603101,0,0,0,0,0,0,0,261.220971021775,222.458939287192,214.926797983037,223.020369315458,257.951427698306,0,0,0,0,0,0,0,267.918593757975,225.114152043602,216.338199499255,224.651622641029,261.333988359586,0,0,0,0,0,0,0,271.51768328035,226.539192490101,217.093802467912,225.523071040338,263.139763823023,0,0,0,0,0,0,0,273.448150159196,227.302557425328,217.498025548391,225.989020991578,264.10557786661,0,0,0,0,0,0,0,274.482638407859,227.710982272962,217.714187844396,226.238317171257,264.6226069715,0,0,0,0,0,0,0,275.038103075467,227.930019444555,217.830167031101,226.371960985611,264.899561652832,0,0,0,0,0,0,0,275.336040074308,228.047219013836,217.892277521044,226.443551884704,265.047886615327,0,0,0,0,0,0,0,275.495903480507,228.10986172188,217.925532088544,226.481905833229,265.127315058731,0,0,0,0,0,0,0,275.581737535253,228.143285130027,217.943327610675,226.502452532713,265.169834825071,0,0,0,0,0,0,0,275.62787516455,228.161067004469,217.952841929819,226.513457878142,265.192582151566,0,0,0,0,0,0,0,275.652720844455,228.170482127422,217.957921058052,226.5193508015,265.204738403168,0,0,0,0,0,0,0,275.666140711217,228.175427368368,217.960625726718,226.522504553125,265.211223037626,0,0,0,0,0,0,0,275.673424272342,228.177989451769,217.962060006246,226.524190875574,265.214671864625,0,0,0,0,0
