6.00000000039908,6.00000000000964,6.00000000019349,7.6668954947699,20.9351340221869,29.6966512963139,0,0,0,0,0,0,9.47641763233593,12.3620244201531,32.1156763580266,49.7742698266504,71.0781793906509,91.7979916249947,0,0,0,0,0,0,11.1074810466689,0.200124457943104,-0.362385922763984,2.2162553542777,4.56310867899125,4.87596726590585,0,0,0,0,0,0,1.58227338228529,-5.75323736768496,-3.87064849666336,-0.00379055534723421,2.97915288320325,3.48638900204073,0,0,0,0,0,0,1.66595354284997,-5.33255126740497,-3.42984333010698,0.36321314758225,3.22805093171164,3.59512019050407,0,0,0,0,0,0,1.69151290042894,-5.2337027939748,-3.32911227460915,0.445720371585138,3.28245674450638,3.61643901222058,0,0,0,0,0,0,1.69678171723117,-5.21096987019901,-3.30571787477237,0.464941037408473,3.29513873888669,3.62137877430234,0,0,0,0,0,0,1.69803279998729,-5.20559721051518,-3.3001917783289,0.469481474087564,3.29813612974449,3.62254860099483,0,0,0,0,0,0,1.69832897890592,-5.20432626986518,-3.29888507461071,0.470556115079198,3.29884699521183,3.62282726797665,0,0,0,0,0,0,1.69839994321324,-5.20402259104059,-3.29857329320445,0.470813606482582,3.2990188083565,3.62289587777514,0,0,0,0,0,0,1.69841782525897,-5.20394697148427,-3.29849608809945,0.47087844389211,3.29906353871406,3.62291497010894,0,0,0,0,0,0,1.69842319390111,-5.20392512351402,-3.29847419007225,0.470897859231979,3.2990783072312,3.62292238785605,0,0,0,0,0,0,1.69842561194365,-5.20391595461369,-3.29846533294527,0.470906564186964,3.29908601028537,3.62292705223253,0,0,0,0,0,0,1.69842733404843,-5.20390977671027,-3.29845955193641,0.470912742330369,3.29909204588689,-8.45492577453389,0,0,0,0,0,0,4.87988774690968,-250.116263437838,-278.201715693749,-203.211266593602,-100.586618179761,-48.7760412538473,0,0,0,0,0,0,-124.421673322409,-168.022523238411,-156.606101512117,-116.722755037317,-77.7224693819173,-40.6234386868601,0,0,0,0,0,0,-39.6511654339618,-66.7703559398509,-57.2986252711396,-37.9172762692917,-20.69757313269,-4.52974977387933,0,0,0,0,0,0,-0.34693732142101,-14.9391505828753,-13.2943167977385,-7.4702342422985,-1.56077499229231,2.12245364625251,0,0,0,0,0,0,1.38710568567648,-7.00191577954343,-5.19217920245732,-0.874371477507067,2.70132250994481,3.65556803323698,0,0,0,0,0,0,1.74384752612506,-5.19662326273653,-3.31663501356622,0.656359426532157,3.69065670387247,4.00268386752006,0,0,0,0,0,0,1.82883304092604,-4.77143515500967,-2.87417865615789,1.01712456033913,3.92383040706923,4.08439197171778,0,0,0,0,0,0,1.84887354024239,-4.67140964290284,-2.77008944568855,1.1019293474419,3.9785332884809,4.10346784151579,0,0,0,0,0,0,1.85354888212224,-4.64800806370994,-2.74574398934367,1.12168951173185,3.99118220009162,4.10779434742891,0,0,0,0,0,0,1.85460586045148,-4.64265559884383,-2.74018265273063,1.12613110230713,3.99392903721975,4.10864957603717,0,0,0,0,0,0,1.85481118362595,-4.64155401385725,-2.73904511892995,1.12696551405118,3.99434451916386,4.1086877702871,0,0,0,0,0,0,1.85481603671994,-4.64145345620276,-2.73894927801962,1.12695062553158,3.99421118375908,4.10853369343203,0,0,0,0,0,0,1.85477370714625,-4.64158857241957,-2.73909866323015,1.12673584754885,3.99394873337083,4.10833442498222,0,0,0,0,0,0,1.85472028233872,-4.64177913187174,-2.73930572278316,1.12647409552501,3.99365598914726,4.10812459288861,0,0,0,0,0,0,1.85466425842354,-4.64198269438192,-2.73952629366355,1.12620137566395,3.99335621902945,4.10791235015295,0,0,0,0,0,0,1.85460763606299,-4.64218926670934,-2.73974997699427,1.12592616600578,3.99305490177671,4.10769961654294,0,0,0,0,0,0,1.85455088648398,-4.64239649574268,-2.73997432421863,1.12565046279854,3.99275332704583,4.10748684415854,0,0,0,0,0,0,1.85449412013319,-4.64260382732048,-2.74019875884383,1.12537473589313,3.9924517985907,4.1072741392315,0,0,0,0,0,0,1.85443736348252,-4.64281113118333,-2.74042314515423,1.1250990959872,3.99215038791238,4.10706152672985,0,0,0,0,0,0,1.85438062267571,-4.6430183764346,-2.74064745124532,1.12482356906887
5.9999968447049,3.35429749918503,0.00687937715011644,2.18114995391441,1.59416351094174,-4.11417749215628,0,0,0,0,0,0,-9.47641763224506,-12.3620243902757,1.19718326038289,7.57091422878531,7.07421374858644,-0.697521855352005,0,0,0,0,0,0,-2.69808682640405,-2.80426002444967,-3.51181012466759,-4.89995661307079,-5.79781453750636,-4.86923053651723,0,0,0,0,0,0,-1.25737656585448,-3.53085723574628,-3.51009270181623,-4.50894376110555,-4.96818188582513,-3.68327310251844,0,0,0,0,0,0,-0.921641032743075,-3.04859961738721,-3.12442243350432,-4.16943262082619,-4.65388259947241,-3.37113413113103,0,0,0,0,0,0,-0.840832794295331,-2.95177990953092,-3.04370381175057,-4.09859144696555,-4.58649961357392,-3.30098742317353,0,0,0,0,0,0,-0.821848220619678,-2.92886421905223,-3.02466167456002,-4.081844168301,-4.57056570511152,-3.28441736819578,0,0,0,0,0,0,-0.817370143380687,-2.9234479693248,-3.02016735639068,-4.0778970324242,-4.56681506534479,-3.28051575832894,0,0,0,0,0,0,-0.816312618331696,-2.92216321353859,-3.0191067430945,-4.07697075335287,-4.56593879495418,-3.27960182239137,0,0,0,0,0,0,-0.816061559781355,-2.92185251563667,-3.01885567680933,-4.0767566887117,-4.56574020270045,-3.27939227156539,0,0,0,0,0,0,-0.816000635977331,-2.9217714750554,-3.01879547692267,-4.0767105418097,-4.56570138391159,-3.27934878828501,0,0,0,0,0,0,-0.815984539033596,-2.9217445828917,-3.01878027696675,-4.07670398245096,-4.56570023087993,-3.27934445492018,0,0,0,0,0,0,-0.815979011203785,-2.92173046004088,-3.01877568673918,-4.07670675449984,-4.56570795461598,-3.27934934912587,0,0,0,0,0,0,-0.815975975832216,-2.92171935096427,-3.01877359825194,-4.07671172470647,-4.56571776785472,15.8806645353566,0,0,0,0,0,0,15.9236575321933,-53.6221017531754,-62.4295371493196,-46.5743822507294,-97.6622298403026,-48.7760412538498,0,0,0,0,0,0,-51.4663115693903,-80.5660061808465,-74.7492761084132,-62.1699596433872,-56.028880947946,-102.049618841532,0,0,0,0,0,0,-33.3341606000607,-46.0196084060568,-45.4233197181712,-50.3762677395038,-41.9622905659849,-37.2570022091154,0,0,0,0,0,0,-9.46227499451119,-12.3875595881775,-12.0629993410552,-12.8883959169731,-13.4663922723357,-11.9245610436842,0,0,0,0,0,0,-2.62409820986226,-4.26940114549692,-5.01692486126619,-6.64197865334801,-7.5761888818681,-5.99524348309593,0,0,0,0,0,0,-1.03510040377311,-2.30821797579165,-3.35096364423111,-5.16024323722012,-6.18415277041433,-4.5946152149961,0,0,0,0,0,0,-0.660784941364229,-1.84262067241292,-2.95748864401714,-4.80982240052804,-5.85524107138369,-4.26404441768094,0,0,0,0,0,0,-0.572723246891903,-1.73316673924679,-2.86485159341714,-4.7270592927511,-5.77738114853416,-4.1859031069325,0,0,0,0,0,0,-0.552072456069845,-1.70776991261318,-2.84309898611033,-4.70738218882793,-5.75868509414021,-4.16723312132855,0,0,0,0,0,0,-0.547296039253204,-1.70217789640988,-2.83804177440803,-4.70256552705553,-5.75392500274763,-4.16257015083441,0,0,0,0,0,0,-0.546257600301819,-1.70124988538321,-2.83691614885546,-4.70124862778733,-5.75244704010631,-4.16120584558681,0,0,0,0,0,0,-0.546099295409032,-1.70141996418846,-2.83671627340084,-4.70075591846782,-5.75174209888717,-4.16061840334086,0,0,0,0,0,0,-0.54614819123142,-1.70184843522432,-2.83673434482979,-4.70045734490472,-5.75121931818668,-4.16021398989813,0,0,0,0,0,0,-0.546245836941287,-1.70233757937004,-2.83680369990635,-4.70020454852544,-5.75073956672235,-4.15985277598773,0,0,0,0,0,0,-0.546354923747627,-1.70284084185574,-2.83688509635547,-4.6999625965853,-5.75027008408581,-4.15950183694634,0,0,0,0,0,0,-0.546466667127262,-1.70334726124569,-2.83696929432588,-4.6997232640698,-5.74980315656879,-4.15915342005061,0,0,0,0,0,0,-0.546578998500571,-1.70385425679508,-2.83705411827101,-4.6994846141904,-5.74933696789791,-4.15880569998388,0,0,0,0,0,0,-0.546691431187108,-1.7043612206498,-2.83713905607298,-4.69924619104141,-5.74887109035533,-4.15845824709517,0,0,0,0,0,0,-0.546803850349096,-1.70486801010557,-2.83722398706223,-4.69900788722666,-5.7484054231706,-4.15811095990028,0,0,0,0,0,0,-0.546916229056327,-1.70537459144325,-2.8373088828649,-4.69876967738303
10.0000000007004,10.0000000000167,10.0000000003284,12.7781591579785,34.8918900369782,49.4944188272354,0,0,0,0,0,0,15.7940293872515,20.6033740354244,53.5261272633811,82.957116377753,118.463632327241,152.996652708894,0,0,0,0,0,0,235.105886920506,227.306893689805,229.342100388823,233.342832011624,235.466876907761,233.48363496306,0,0,0,0,0,0,251.592272380237,231.518137588781,228.713095169312,230.167030813652,230.827090271316,227.963967278862,0,0,0,0,0,0,246.96794142823,228.652087475721,226.655807909075,228.51020775023,229.342961271962,226.540590114113,0,0,0,0,0,0,246.028521211443,228.062860895674,226.226229176437,228.155609760727,229.016024299496,226.217598604499,0,0,0,0,0,0,245.807531440475,227.9237685263,226.124564775777,228.071577468173,228.938539248398,226.141110612019,0,0,0,0,0,0,245.755295141355,227.890889491506,226.100528684885,228.051708705057,228.92022003087,226.1230314924,0,0,0,0,0,0,245.742951712702,227.883119685935,226.094843539722,228.047004521689,228.9158789864,226.118746008786,0,0,0,0,0,0,245.740019780453,227.881274756798,226.093489176144,228.045879314871,228.914836699795,226.117715317142,0,0,0,0,0,0,245.73930770146,227.880827470607,226.093156508249,228.045598463856,228.914572622628,226.117452393421,0,0,0,0,0,0,245.739119127352,227.880709811534,226.093064816486,228.045516766161,228.914492093153,226.11737054504,0,0,0,0,0,0,245.739054003527,227.880669886427,226.09302995623,228.045482038872,228.914454854191,226.117331403503,0,0,0,0,0,0,245.73901799581,227.880648295198,226.09300850193,228.045458393284,228.914427830392,386.117879013693,0,0,0,0,0,0,666,665.999999999429,487.32963719344,359.725039406855,167.644364599187,81.2934020897506,0,0,0,0,0,0,579.570857637831,438.270452624437,415.803871871196,419.172021297861,398.662487749477,332.247839143449,0,0,0,0,0,0,506.596852342595,392.740589521482,366.605571171846,367.389619441421,370.562597553429,370.236073415103,0,0,0,0,0,0,344.199835791156,290.22661729704,271.130709547274,264.695403360952,262.276232181624,259.159727343279,0,0,0,0,0,0,265.834457895939,240.882266066234,235.056723117382,234.829488910217,234.6175148454,231.579479926495,0,0,0,0,0,0,248.102080278466,229.524132878216,226.646751022789,227.802014437685,228.054809966331,224.960907398578,0,0,0,0,0,0,243.933472729281,226.844045999691,224.657733918958,226.137671039364,226.499925724907,223.391006726854,0,0,0,0,0,0,242.95171105592,226.212026697409,224.188463379255,225.74517972677,226.133410991172,223.021059193233,0,0,0,0,0,0,242.721157887933,226.063500413353,224.078356853713,225.653307851967,226.047843814927,222.934824408078,0,0,0,0,0,0,242.667752024059,226.02906064444,224.053035650475,225.632410603063,226.028596819107,222.915544882157,0,0,0,0,0,0,242.65610411925,226.021522019102,224.04771050798,225.628252878886,226.024989395902,222.912051006698,0,0,0,0,0,0,242.654295444544,226.020323025388,224.0470981477,225.628040381197,226.02506751547,222.912276439417,0,0,0,0,0,0,242.654804218102,226.020617352709,224.047595874757,225.628757077464,226.02601351451,222.913377547043,0,0,0,0,0,0,242.655858447437,226.021263179462,224.048354810622,225.629692314779,226.027163526292,222.914684421677,0,0,0,0,0,0,242.657040767227,226.021991550811,224.049174995265,225.630678692799,226.028361178314,222.916039279864,0,0,0,0,0,0,242.658252885562,226.022739124767,224.05000933442,225.631676785948,226.029569643165,222.917404963919,0,0,0,0,0,0,242.659471656268,226.023490984785,224.050846737849,225.632677309846,226.030780248552,222.918772724153,0,0,0,0,0,0,242.660691628995,226.024243618391,224.0516845942,225.633678078298,226.031990952681,222.920140500589,0,0,0,0,0,0,242.66191152054,226.024996198725,224.05252228855,225.634678576834,226.033201274858,222.921507808147,0,0,0,0,0,0,242.663131028728,226.025748531128,224.053359676318,225.635678684173
0,0,0,0,0,0,6.00000000196549,6.00000000009986,6.00000000000209,6.00000000000235,6.00000000000035,6.00000000002959,0,0,0,0,0,0,17.8987074403305,47.3085293952766,54.0665675275263,32.2909094836791,23.3073377279026,17.1172506076623,0,0,0,0,0,0,3.0644016779407,-3.28041292539765,-1.66472061372937,1.71901866443812,4.10308879599697,3.95747648323544,0,0,0,0,0,0,1.74692725257284,-4.93520418315653,-3.01933463487983,0.708005028176047,3.46425211531643,3.69296890198232,0,0,0,0,0,0,1.71971406480289,-5.11744926509923,-3.2121529977926,0.548693667452825,3.35984144931338,3.65457902320237,0,0,0,0,0,0,1.70900336926129,-5.16428736770739,-3.26038516484189,0.509089809153757,3.33373283985532,3.64442999930321,0,0,0,0,0,0,1.70644101564666,-5.17534727375799,-3.27176145342377,0.499751049849167,3.32757763418399,3.64204019969944,0,0,0,0,0,0,1.70583752724073,-5.17795669780907,-3.27444579911555,0.497546032683133,3.32612263396026,3.64147401379645,0,0,0,0,0,0,1.70569405799165,-5.17857583030719,-3.27508230557986,0.497022047177687,3.32577533792493,3.64133756853447,0,0,0,0,0,0,1.70565907823798,-5.1787257838643,-3.27523605501524,0.496894371108422,3.32568920697636,3.64130245852108,0,0,0,0,0,0,1.70564968012909,-5.1787651321878,-3.27527599636647,0.496860127300296,3.32566465047588,3.64129124225994,0,0,0,0,0,0,1.70564631414683,-5.17877840415027,-3.27528910605345,0.496847912172592,3.32565461251631,3.6412856607068,0,0,0,0,0,0,1.70564437085723,-5.17878552711755,-3.27529588870275,0.496840892092093,3.32564799911039,3.64128140883775,0,0,0,0,0,0,31.9410940513592,46.912974216209,-5.99999999992509,1.808411838633,5.99999998836052,5.99999999997221,0,0,0,0,0,0,-29.715568117476,-19.5179046501425,-9.10026025069869,-6.00000000012704,-5.99999999999625,-5.99999999451734,0,0,0,0,0,0,-5.99999999972872,-9.96844022756154,-3.42402689176487,2.4366080063715,-8.55776235344544,-14.3721283784762,0,0,0,0,0,0,7.62252044332176,15.8584877131392,18.5136101140432,18.2225749430989,14.94216190088,8.15818623866886,0,0,0,0,0,0,2.86458109012109,-0.623973534105747,1.48820473098334,4.29047192062727,5.67952951739059,4.47602162402497,0,0,0,0,0,0,1.84046372386255,-4.60403857154656,-2.58820154139938,0.925198859059717,3.4204344758826,3.52519431403293,0,0,0,0,0,0,1.59236862379428,-5.54881705849965,-3.54982066178021,0.131942189011974,2.88849617369704,3.3003232786984,0,0,0,0,0,0,1.53427252343405,-5.77080330526111,-3.77572080200178,-0.054431942171246,2.76356120640985,3.24753862459415,0,0,0,0,0,0,1.52066440742952,-5.82282303537539,-3.82870617597844,-0.0981219421511748,2.7343180089725,3.2352223832635,0,0,0,0,0,0,1.5175229448971,-5.83484742165588,-3.84100079824712,-0.108227247068773,2.72760288988652,3.23243656823024,0,0,0,0,0,0,1.51684633887032,-5.83745802464728,-3.84371719448853,-0.110425885809806,2.72619220243267,3.23189521585338,0,0,0,0,0,0,1.51675017531253,-5.83785265039643,-3.84417875700393,-0.110763044760315,2.72603044473027,3.23188236348826,0,0,0,0,0,0,1.51679066670698,-5.83772568286002,-3.84410953002237,-0.110661993487843,2.72616270101614,3.23199391999951,0,0,0,0,0,0,1.51686330706025,-5.8374760162044,-3.84391540701987,-0.110457833381891,2.72636412770842,3.23213473326636,0,0,0,0,0,0,1.51694348815248,-5.8371975634737,-3.84369195162538,-0.110229463275393,2.7265817841378,3.23228239828985,0,0,0,0,0,0,1.51702541598984,-5.83691243528267,-3.84346166368893,-0.10999546005867,2.72680320503581,3.23243163986952,0,0,0,0,0,0,1.51710772611854,-5.83662583791755,-3.84322984076692,-0.109760197534847,2.72702545559439,3.23258121600193,0,0,0,0,0,0,1.51719009731301,-5.83633899659472,-3.84299773018152,-0.109524705688325,2.72724784480444,3.23273083407844,0,0,0,0,0,0,1.51727245418469,-5.83605220010193,-3.84276562556785,-0.109289226701851,2.727470209707,3.23288042544053,0,0,0,0,0,0,1.51735477857214,-5.83576551620112,-3.84253359615082,-0.109053817893907,2.72769251225355,3.23302997383848,0,0,0,0
0,0,0,0,0,0,6.00000000193801,5.99999977536187,5.01791778952039,-5.99999999982446,-5.99999999983683,-5.99999999966684,0,0,0,0,0,0,11.0306173453315,-15.2334390043978,-18.0126961212692,-14.2828783326302,-9.91404000053218,-6.0945024144525,0,0,0,0,0,0,-0.222612691053484,1.9938966591419,2.2008860305993,3.44261209428541,3.97884248946053,2.59565131338232,0,0,0,0,0,0,0.589047876920051,2.61564822096799,2.79833915384687,3.91431889524964,4.43454206822682,3.1272065546392,0,0,0,0,0,0,0.753882025428836,2.81065528085347,2.9607835973584,4.05832924750842,4.57268554984504,3.27169174325065,0,0,0,0,0,0,0.792999906606624,2.85818863803591,3.00025960610615,4.09308014696632,4.60570390357833,3.30592089561721,0,0,0,0,0,0,0.802227979029237,2.86935994595093,3.00954285367715,4.1012448859035,4.61346218665328,3.31397498299585,0,0,0,0,0,0,0.804405048653736,2.87200106962632,3.01173213028026,4.10316523598087,4.61528310759413,3.31586778641995,0,0,0,0,0,0,0.804920035832004,2.87263150956714,3.01224926590103,4.10361363955968,4.6157043886251,3.31630809724763,0,0,0,0,0,0,0.805043187465814,2.87278794004901,3.01237220180563,4.10371504558632,4.6157957202194,3.31640599112575,0,0,0,0,0,0,0.805073962287304,2.87283262169409,3.01240220622446,4.10373465061062,4.61580927129727,3.31642316288309,0,0,0,0,0,0,0.805082958207028,2.8728509551807,3.01241030157212,4.10373497295561,4.61580448877557,3.31642130687412,0,0,0,0,0,0,0.805086818898814,2.87286307385968,3.01241323132427,4.10373075110605,4.61579538759139,3.31641496737735,0,0,0,0,0,0,12.1807155959306,14.5431005263591,-6.00000000001331,-5.99999999264121,5.99999999615352,5.99999999998467,0,0,0,0,0,0,-29.7155681174818,-19.5179046547638,-9.10026025367086,-6.00000000049065,-6.00000000000025,-5.99999999971907,0,0,0,0,0,0,-6.00000000000467,-9.98148119854202,-24.8538825063676,-21.910029661573,-19.9537404816354,-14.3721285795957,0,0,0,0,0,0,-13.1892056010969,-15.2395120051262,-12.2976797189988,-10.6303966383348,-10.3932020918774,-12.6990314219939,0,0,0,0,0,0,-3.09542746736245,-0.926661754331265,-0.857724731568431,-0.0765844069399716,-0.00418973506318047,-1.22172087089145,0,0,0,0,0,0,0.080487581650146,2.8881410173456,2.20199154353498,2.59074686689772,2.56520555509059,1.53777196079297,0,0,0,0,0,0,0.832641206562174,3.76998649985308,2.91991009901148,3.21478555321632,3.16873734374385,2.18763999875411,0,0,0,0,0,0,1.00980666620397,3.97633640248481,3.08869518373049,3.36170470623379,3.31115684063142,2.34095275663616,0,0,0,0,0,0,1.05144835945855,4.02451153464689,3.12839270996484,3.39651195362108,3.34508858112577,2.37734664990951,0,0,0,0,0,0,1.06117438121389,4.0354966946029,3.13770751834563,3.40493466248019,3.35348088701676,2.38621103675253,0,0,0,0,0,0,1.06338573224383,4.03772923039863,3.13986972900236,3.40714597846233,3.35586019782379,2.38859345265434,0,0,0,0,0,0,1.06382776092111,4.03790138859792,3.14034795180215,3.40789478300303,3.35682359789277,2.38944954800867,0,0,0,0,0,0,1.06385322784969,4.03758859185608,3.1404296879599,3.40829913504357,3.35745344298709,2.3899461379834,0,0,0,0,0,0,1.06378064422304,4.03716175169538,3.1404180751846,3.40862228008398,3.35800457494605,2.3903579539362,0,0,0,0,0,0,1.06368500499849,4.03670819789198,3.14038448813906,3.40892620055999,3.35853699806413,2.39074968184046,0,0,0,0,0,0,1.06358396781411,4.03624849257075,3.14034573236671,3.40922549095893,3.35906484036574,2.39113655330492,0,0,0,0,0,0,1.0634816903958,4.03578747708239,3.14030576496579,3.40952358761071,3.35959142875321,2.39152215436373,0,0,0,0,0,0,1.06337915159839,4.03532629133587,3.14026551763346,3.40982129977462,3.36011754675239,2.3919073295168,0,0,0,0,0,0,1.06327658192624,4.0348652036822,3.14022520976504,3.41011881800514,3.36064337881832,2.3922922775319,0,0,0,0,0,0,1.06317403577058,4.0344042771973,3.14018489305156,3.41041618726497,3.3611689684227,2.39267704538173,0,0,0,0
0,0,0,0,0,0,10.0000000032799,10.0000000001913,10.0000000000049,10.0000000000057,10.0000000000008,10.000000000063,0,0,0,0,0,0,29.8311790672424,78.8475489998346,107.64087917099,148.264869987794,174.428965060661,189.258643356027,0,0,0,0,0,0,235.182024433192,221.687558188713,221.741351873607,224.44867150802,225.490017134285,222.562651521814,0,0,0,0,0,0,243.158340660421,226.241589801243,224.855866343486,226.986501127392,227.90807369568,225.109412276124,0,0,0,0,0,0,245.008979616698,227.425418138583,225.732612682951,227.719067178527,228.588461980007,225.784095078145,0,0,0,0,0,0,245.468301957482,227.715176687549,225.944709936943,227.894410304423,228.750002058207,225.943400386095,0,0,0,0,0,0,245.576169502596,227.783199776342,225.994500506205,227.935591412232,228.787971742668,225.980878224008,0,0,0,0,0,0,245.601595588944,227.799230603618,226.00623758252,227.945303437623,228.796931347875,225.989725029136,0,0,0,0,0,0,245.60760759544,227.803019758113,226.009015899019,227.947606863351,228.799060449556,225.991829397279,0,0,0,0,0,0,245.609045146877,227.803924907019,226.009683866853,227.948165159146,228.799580500055,225.992345283867,0,0,0,0,0,0,245.609404628669,227.804150438759,226.009854560876,227.948312244942,228.799721388153,225.992486827262,0,0,0,0,0,0,245.609509997205,227.80421578636,226.009908051485,227.948362410775,228.799772906031,225.992540131424,0,0,0,0,0,0,245.609555456653,227.804243370906,226.009933910487,227.948389725335,228.799803350522,225.992572627666,0,0,0,0,0,0,138.096848140299,78.1882903607543,10.0000000000349,10.0000000016854,10.0000000024163,10.0000000000012,0,0,0,0,0,0,49.5259468624713,32.5298410928131,15.1671004238883,10.0000000009531,10.0000000000011,10.0000000012148,0,0,0,0,0,0,10.0000000000108,16.6358020028011,41.4231375106144,36.5167161026224,33.2562341361099,23.9535476326629,0,0,0,0,0,0,49.0388597489661,103.664533123523,135.679326155651,153.625816117456,160.450213834737,158.390870520149,0,0,0,0,0,0,198.347444940794,198.251778469776,205.264023547962,211.638998706472,214.544921019356,212.490295804934,0,0,0,0,0,0,236.862310241198,222.263564299509,222.679001087851,225.911492512289,227.54793037505,225.066097414612,0,0,0,0,0,0,246.026293517372,227.933636400592,226.768114759633,229.250582060045,230.581280084995,227.986229354243,0,0,0,0,0,0,248.182146984858,229.264931743424,227.72658295011,230.032404994248,231.291052305069,228.668956491784,0,0,0,0,0,0,248.688064568567,229.577140619239,227.951012229178,230.215215104938,231.456846493799,228.828380718344,0,0,0,0,0,0,248.806023616328,229.649957879117,228.00313914491,230.257467410176,231.494998072684,228.865009693428,0,0,0,0,0,0,248.832748863221,229.666505004436,228.014780335845,230.266697818562,231.503159466422,228.872782141068,0,0,0,0,0,0,248.83801142045,229.669817934041,228.016901622602,230.268163993272,231.504268962556,228.873768218582,0,0,0,0,0,0,248.838223698163,229.670017208986,228.016783458366,230.267803858966,231.503719671434,228.873157801623,0,0,0,0,0,0,248.837247714372,229.669483912665,228.01613851416,230.267014209522,231.502780305552,228.872171937366,0,0,0,0,0,0,248.835992449466,229.668778413372,228.015369822919,230.266123737123,231.501749429453,228.871097996277,0,0,0,0,0,0,248.834671875306,229.668032613306,228.014572248646,230.265209806867,231.500697318982,228.870003622846,0,0,0,0,0,0,248.833336364993,229.667277563761,228.013768122768,230.26429063075,231.499640517673,228.868904741872,0,0,0,0,0,0,248.831997777635,229.666520575059,228.012962702663,230.263370496303,231.498582920298,228.867805102646,0,0,0,0,0,0,248.830658905285,229.665763368203,228.012157225932,230.262450412852,231.497525443754,228.866705587784,0,0,0,0,0,0,248.829320405294,229.665006348548,228.011351984084,230.261530617949,231.496468303793,228.865606405147,0,0,0,0
0,0,0,0,0,0,252.998969738641,257.355736882187,264.292973435433,273.693366207012,290.990186601537,320.531681454013,0,0,0,0,0,0,129.655477325786,86.6852086088173,54.1005260740134,33.9385504405286,25.2482320053509,18.5674492184312,0,0,0,0,0,0,3.08856159989282,-3.067967700494,-1.68011602141196,1.3828686265853,3.41560534685005,3.3062012495562,0,0,0,0,0,0,1.93886403035493,-4.51080957484408,-3.05386730328267,0.317761396846587,2.69497421924274,2.92777702717079,0,0,0,0,0,0,1.96966856163138,-4.66145442463165,-3.24892004514189,0.14242217952884,2.56556383222009,2.85737071933584,0,0,0,0,0,0,1.97250861840288,-4.70038316585803,-3.29772560782368,0.098952287073265,2.53347761513683,2.83964541283856,0,0,0,0,0,0,1.97313124723243,-4.70957556567343,-3.30923728196277,0.0887053879648759,2.5259183508026,2.83547394938338,0,0,0,0,0,0,1.9732791275164,-4.71174374016369,-3.31195361611272,0.0862869987306978,2.52413433605082,2.83448992560728,0,0,0,0,0,0,1.97331322616488,-4.71225771362547,-3.31259777145609,0.0857134038802278,2.5237114539443,2.83425716522509,0,0,0,0,0,0,1.97332054296319,-4.71238174244272,-3.31275343289719,0.0855747237070932,2.52360947990446,2.83420153676658,0,0,0,0,0,0,1.97332155114494,-4.71241384590118,-3.31279393378616,0.0855385763065012,2.52358316360264,2.83418766994446,0,0,0,0,0,0,1.97332107294722,-4.71242427741388,-3.31280728432463,0.0855266027456797,2.52357468510428,2.83418364930196,0,0,0,0,0,0,1.97332024463326,-4.71242959846424,-3.31281423247399,0.0855203298620297,2.52357041297519,2.83418195023939,0,0,0,0,0,0,38.1162902821259,75.8935354151054,109.004220916346,70.3876324371321,35.6454199813724,51.7347480523968,0,0,0,0,0,0,103.518822939001,165.921679533472,187.918072136308,162.342474356716,135.141166365721,117.554339212808,0,0,0,0,0,0,49.80735939693,97.1334862004687,107.528199169574,98.159760252683,82.791968307346,53.8311212440056,0,0,0,0,0,0,1.95396471129268,13.9241372810666,18.6855854097914,19.3977378794796,16.6205296568831,10.5911692821276,0,0,0,0,0,0,1.88326030525757,-0.70914478538638,1.49722254506763,4.3206093792355,5.6930512547795,4.68700924751305,0,0,0,0,0,0,1.84691107238613,-4.16484875151548,-2.62594210174741,0.695725851412399,3.02714589478166,3.19400964769497,0,0,0,0,0,0,1.83169979813004,-4.97958894045837,-3.59829009891086,-0.157429582015524,2.39928356036619,2.84148509748992,0,0,0,0,0,0,1.82862674984901,-5.17071137260698,-3.82664955025719,-0.357847041915658,2.25168241258795,2.7585272224344,0,0,0,0,0,0,1.82796623206284,-5.21548496791218,-3.88020537618511,-0.40486920619334,2.21702132185877,2.73901696848318,0,0,0,0,0,0,1.82786451137549,-5.22583759637164,-3.89263039022254,-0.415790105534804,2.2089491466351,2.7344495170434,0,0,0,0,0,0,1.82789568012129,-5.22808962199186,-3.89537386102709,-0.41821208329367,2.20713719333232,2.73340104864577,0,0,0,0,0,0,1.82795823264606,-5.22843488333125,-3.89583819392808,-0.418633132466219,2.20679924778462,2.73318121666063,0,0,0,0,0,0,1.82802815767041,-5.22833135145449,-3.89576601717185,-0.41858312455848,2.20680834274966,2.73315649490341,0,0,0,0,0,0,1.82809978760453,-5.22812225531758,-3.89556759854385,-0.418422261263839,2.20689912256849,2.73317770677203,0,0,0,0,0,0,1.82817178693977,-5.2278884007932,-3.89533953147997,-0.418235351916214,2.20700910717789,2.73320972658922,0,0,0,0,0,0,1.82824384114992,-5.22764881273817,-3.89510455848568,-0.418042364946149,2.20712358530178,2.73324428369009,0,0,0,0,0,0,1.82831587638431,-5.22740797009134,-3.89486803399008,-0.417848002071681,2.20723909302459,2.73327943053945,0,0,0,0,0,0,1.82838787528953,-5.22716692747832,-3.89463121875035,-0.417653370238549,2.20735481462313,2.73331470879365,0,0,0,0,0,0,1.82845983366851,-5.22692593315836,-3.89439440968036,-0.417458730115152,2.2074705582084,2.73335001077464,0,0,0,0,0,0,1.82853175088501,-5.22668504558929,-3.89415767642177,-0.417264143016659,2.20758627849802,2.73338531122552,0,0,0,0
0,0,0,0,0,0,-78.9204119928971,-85.0798003010125,-79.2466354159923,-80.1570561985785,-75.8499151266577,-69.2449756214743,0,0,0,0,0,0,-28.226164062553,-42.4081137638376,-17.9095213080443,-9.2756488045408,-4.0149656977128,-1.68680932986269,0,0,0,0,0,0,-0.142216475492013,2.63833964516728,2.15464396085917,2.42327469309594,1.89241953053823,0.616353469923012,0,0,0,0,0,0,1.17738521947799,3.90292710540511,2.69289120834626,2.73007964099305,2.09964735225364,0.805236201412137,0,0,0,0,0,0,1.51835605698703,4.19380904286258,2.84804291114058,2.82512334247953,2.16169974221457,0.852405935538823,0,0,0,0,0,0,1.59848798108012,4.26534082632071,2.88565298553498,2.84805670305866,2.17651886788451,0.863602211555507,0,0,0,0,0,0,1.61737647448844,4.28217976304244,2.89449518277527,2.85344403546667,2.18000006454032,0.866237544784674,0,0,0,0,0,0,1.62183309295079,4.28616127765332,2.89658012370356,2.85471066760803,2.18081652787351,0.866857333251192,0,0,0,0,0,0,1.62288729081446,4.28711241142837,2.8970722229232,2.85500594334563,2.18100484492995,0.867001996895227,0,0,0,0,0,0,1.62313936638793,4.28734913787882,2.89718881570167,2.85507223142401,2.1810450855013,0.867034652063403,0,0,0,0,0,0,1.62320233790142,4.28741744029935,2.89721688380756,2.85508453843316,2.18105041970917,0.867040901804658,0,0,0,0,0,0,1.62322072591305,4.28744603141345,2.89722408198591,2.85508412088709,2.18104752643645,0.867040927018769,0,0,0,0,0,0,1.62322860169327,4.28746525527149,2.89722635968095,2.85508070479202,2.18104269530447,0.867039485377926,0,0,0,0,0,0,30.8984372327199,23.3598906290991,-23.4599788969508,-10.2074919952884,11.4965833699362,-11.3506389087016,0,0,0,0,0,0,-148.392315110769,-116.335094691432,-77.6789912220085,-43.8366608064322,-20.2954538688252,-40.4305502838307,0,0,0,0,0,0,-54.1200647360164,-62.4224432951493,-48.1713112803725,-41.3129614772155,-29.9901565701954,-23.5532250185206,0,0,0,0,0,0,-33.0917227572053,-22.0311061831739,-11.6941609938403,-6.5044246836766,-4.50048288617007,-4.1567485734234,0,0,0,0,0,0,-6.53900598550066,-1.22588705485748,-0.82140926748262,0.0311805877906221,0.04360257301795,-0.492367230077629,0,0,0,0,0,0,0.111578025450647,4.42700891367838,2.07000953151736,1.78664200712651,1.18573513599062,0.376442623701003,0,0,0,0,0,0,1.67840848047393,5.7645738137509,2.7478277598467,2.19895457412597,1.45175049844435,0.578062541238972,0,0,0,0,0,0,2.04722267594051,6.07899523050417,2.9071952844202,2.29613120719268,1.51442131785615,0.625444494255788,0,0,0,0,0,0,2.13390158767337,6.15244056548282,2.94469912869382,2.31917785671588,1.52937257416116,0.636664358241934,0,0,0,0,0,0,2.15414513856528,6.16915300107066,2.95351968901425,2.32477452109017,1.53309683538766,0.639377823784171,0,0,0,0,0,0,2.15874632342043,6.17250930222679,2.95558758870276,2.32626290754976,1.53417823960236,0.640088816925245,0,0,0,0,0,0,2.15966454094422,6.17272137619998,2.95606562617033,2.32678395582109,1.53463732296573,0.640328303162384,0,0,0,0,0,0,2.15971565972788,6.17219340265001,2.95616932454793,2.32707716814159,1.53494979235155,0.640456738247246,0,0,0,0,0,0,2.15956268357598,6.17149141837776,2.95618487838531,2.32731665972409,1.53522765328374,0.64055899423063,0,0,0,0,0,0,2.15936171948793,6.17074869402964,2.95617967376511,2.32754342682581,1.5354972784246,0.640655054878203,0,0,0,0,0,0,2.15914952298864,6.16999660868828,2.95616957720419,2.3277671224405,1.53576487724285,0.640749625827394,0,0,0,0,0,0,2.15893474857126,6.16924255016187,2.95615832469991,2.32799001946361,1.53603191198441,0.640843815075444,0,0,0,0,0,0,2.15871943366985,6.16848825820173,2.95614679588616,2.32821265309628,1.53629872708234,0.640937883441144,0,0,0,0,0,0,2.15850405829782,6.16773414220959,2.95613519794836,2.32843514944125,1.53656540353689,0.64103189232342,0,0,0,0,0,0,2.15828873525923,6.16698029852438,2.95612357960137,2.32865753819153,1.53683196049752,0.641125856200628,0,0,0,0
0,0,0,0,0,0,421.664949564407,428.926228137006,440.488289059056,456.155610345022,484.983644335896,534.219469090041,0,0,0,0,0,0,304.972591099191,312.905146557315,302.472941441965,276.577924333258,249.454664086773,227.74390182188,0,0,0,0,0,0,204.407001256565,204.629360016789,201.288530549423,195.234713845299,187.891154263935,179.691170777135,0,0,0,0,0,0,197.826768060095,199.982171572743,198.132482981617,193.059032805773,186.211955594794,178.180066416084,0,0,0,0,0,0,196.232265811902,198.783509186616,197.244539882682,192.384366519452,185.649215119068,177.650388215524,0,0,0,0,0,0,195.847678983408,198.49268078649,197.028704560867,192.220944686498,185.513881691767,177.52402093173,0,0,0,0,0,0,195.757028316171,198.424151380853,196.97785488701,192.182439832599,185.481986867558,177.494232548826,0,0,0,0,0,0,195.735622814076,198.407968835391,196.965841634345,192.173337516722,185.474442385036,177.487183461824,0,0,0,0,0,0,195.730554236507,198.404138375433,196.962994197451,192.171175783221,185.472646270735,177.485501949971,0,0,0,0,0,0,195.729339275133,198.403221827706,196.962309226054,192.170651650365,185.472206459184,177.485086774848,0,0,0,0,0,0,195.729033134899,198.402992517531,196.962134295696,192.170513783008,185.472086564375,177.484970279992,0,0,0,0,0,0,195.728941306955,198.402925271171,196.962079648449,192.170467013016,185.472042120959,177.484924226873,0,0,0,0,0,0,195.728900018936,198.402896243404,196.962053368924,192.170441729729,185.472015475671,177.48489479125,0,0,0,0,0,0,362.874168012268,379.887404056508,373.670320070518,365.379646812534,297.776643848792,105.474313052522,0,0,0,0,0,0,665.999999999997,665.999999983131,485.473739547906,353.949285981252,275.876021387137,202.665911925681,0,0,0,0,0,0,536.083412584862,425.090986780129,365.340210344331,338.449475583511,324.660394797212,298.252362674879,0,0,0,0,0,0,362.273955025414,324.16397468552,289.388974448803,261.598377801895,242.772064320774,231.146267077187,0,0,0,0,0,0,232.649948012733,227.054850232501,217.882799186617,207.520283175176,197.687792745729,188.655257007256,0,0,0,0,0,0,202.123079693563,203.611584298218,200.337218229412,194.128359774374,186.449215888094,177.901320617808,0,0,0,0,0,0,195.074250414064,198.146722801817,196.226907795567,190.98050701243,183.798523167834,175.350767322582,0,0,0,0,0,0,193.419662477702,196.860834248753,195.258372254544,190.238034382723,183.172911976359,174.748383863369,0,0,0,0,0,0,193.030601446134,196.558174038626,195.030454751261,190.063438447392,183.025990055416,174.607105424298,0,0,0,0,0,0,192.939717871128,196.487394889587,194.977314018125,190.022922106767,182.992115704631,174.574719525486,0,0,0,0,0,0,192.919118753057,196.471290683722,194.965394650388,190.014035278412,182.984909015346,174.568017160919,0,0,0,0,0,0,192.915082209686,196.468072265458,194.963191568119,190.012604556312,182.98398855219,174.567367933435,0,0,0,0,0,0,192.914947333915,196.467889551756,194.963277597125,190.012930474814,182.984548981002,174.568144430099,0,0,0,0,0,0,192.915731175881,196.468421676591,194.963902607931,190.013669930273,182.985457927608,174.569256345043,0,0,0,0,0,0,192.916731099198,196.469121940214,194.964654323581,190.014506516763,182.986448634061,174.570446852637,0,0,0,0,0,0,192.917781621258,196.469861583861,194.965435641737,190.015365711024,182.98745827152,174.571655467226,0,0,0,0,0,0,192.918843771655,196.470610285322,194.966223695341,190.016229962559,182.988472043928,174.572867945114,0,0,0,0,0,0,192.919908373588,196.471360904318,194.967013099479,190.017095138714,182.989486467182,174.574080932372,0,0,0,0,0,0,192.920973266325,196.472111759547,194.967802586341,190.017960266357,182.990500721018,174.575293640396,0,0,0,0,0,0,192.922037940795,196.472862455118,194.968591857379,190.018825116507,182.991514612426,174.576505883708,0,0,0,0
183.322799152539,220.326532644252,238.958404675721,247.586998411606,251.422661828831,260.704711757051,0,0,0,0,0,0,172.448548116347,196.611456838072,204.176332562162,205.714832526922,188.150758755435,161.089473206808,0,0,0,0,0,0,12.2693800970355,0.602147944236251,-0.353609781329631,1.73091563925551,3.55447242736183,3.71006674061612,0,0,0,0,0,0,2.00997968163241,-5.18751771401187,-3.91518729739524,-0.458227471694344,2.11685287852364,2.60371646110586,0,0,0,0,0,0,1.97228418695093,-4.83768212335809,-3.46960769209561,-0.0540369651217348,2.42243960377133,2.7814763308334,0,0,0,0,0,0,1.97036349514923,-4.75529291596304,-3.36767185316505,0.036307969630167,2.48898760320201,2.81824312215524,0,0,0,0,0,0,1.9691056551673,-4.73637523305982,-3.34400084359298,0.0573805627082032,2.50453992219439,2.82683325679668,0,0,0,0,0,0,1.96881769175073,-4.73190400890908,-3.33840926572579,0.0623572973847712,2.50821241614508,2.82886170882433,0,0,0,0,0,0,1.96875061857592,-4.73084672087039,-3.33708700984485,0.0635341145377263,2.50908048060824,2.82934063367555,0,0,0,0,0,0,1.96873553399038,-4.73059453108626,-3.33677145386149,0.0638150059575325,2.50928739003611,2.82945428311507,0,0,0,0,0,0,1.96873272205662,-4.73053216798924,-3.33669325127266,0.0638846702678673,2.50933842930525,2.82948182071295,0,0,0,0,0,0,1.968732804731,-4.7305145620093,-3.33667101056438,0.0639045339943214,2.50935272042962,2.82948905715051,0,0,0,0,0,0,1.96873356988484,-4.73050750956472,-3.33666196515377,0.0639126553101711,2.50935834711388,2.82949150719366,0,0,0,0,0,0,1.96873449558779,-4.73050294638071,-3.33665603228115,0.0639180068690535,2.50936193010491,-3.75245079755067,0,0,0,0,0,0,-6.00000000000022,-5.99999999956058,5.99999999993606,5.99999999996402,5.99999999994943,-5.99999999999914,0,0,0,0,0,0,15.0180674815531,23.2608378064897,11.0504208819544,5.99999995888654,-5.08168364424926,-2.75456224233695,0,0,0,0,0,0,23.9115954305088,2.11793742235071,-27.3232665323288,-29.3002679387165,-30.0872741248966,-12.9984682629457,0,0,0,0,0,0,3.05626250257924,-12.4762213262071,-13.4439225624072,-9.00429923137473,-4.24800876923026,-0.948822651091724,0,0,0,0,0,0,2.37199320454585,-6.24657213712965,-5.24073250251072,-1.63186422740331,1.22369610144286,2.0547259276574,0,0,0,0,0,0,2.13347223034885,-4.81271145264621,-3.3432534134712,0.0844953005014059,2.49463207465979,2.74502166527673,0,0,0,0,0,0,2.07718691290024,-4.4733231842797,-2.89510089785148,0.489510474256608,2.79427041451596,2.90762077780664,0,0,0,0,0,0,2.06396831790484,-4.39333913221076,-2.78973580208895,0.584789578163167,2.8647301798271,2.94586239555438,0,0,0,0,0,0,2.06083559218336,-4.37457959431743,-2.76509511489372,0.607050870690542,2.88119443729539,2.95482114634421,0,0,0,0,0,0,2.06007876696192,-4.3702478094415,-2.75947072962707,0.612114921466019,2.88494433605942,2.95688620933397,0,0,0,0,0,0,2.05988170220988,-4.36931449836492,-2.75832488236472,0.61312934252497,2.8857005845386,2.95732827253623,0,0,0,0,0,0,2.05981648566587,-4.36918156056513,-2.75823361693003,0.613190266114958,2.88575201548424,2.9573882300585,0,0,0,0,0,0,2.05978231874654,-4.36923709037474,-2.7583906093904,0.613026752776875,2.88563755284953,2.95735824229329,0,0,0,0,0,0,2.05975546263227,-4.36933698604086,-2.75860598677926,0.612810472147521,2.88548408928414,2.95730709835247,0,0,0,0,0,0,2.05973032807671,-4.36944731409476,-2.75883503948516,0.61258184573309,2.88532150269091,2.9572509948492,0,0,0,0,0,0,2.05970559898728,-4.36956008393024,-2.75906723986072,0.612350391287867,2.88515682776242,2.95719374518897,0,0,0,0,0,0,2.05968096533357,-4.36967341400027,-2.75930010929277,0.612118349745958,2.88499172130695,2.95713624723501,0,0,0,0,0,0,2.05965635454405,-4.36978686131613,-2.75953306398877,0.611886248836115,2.88482657316507,2.95707871243197,0,0,0,0,0,0,2.05963174927055,-4.36990032141119,-2.75976596661403,0.611654212638641,2.88466147496974,2.95702119063741,0,0,0,0,0,0,2.05960714545082,-4.37001376982197,-2.75999878487341,0.611422270454692
64.4334991898117,70.8408472019024,74.2436052711022,77.7010018578355,74.292640109597,64.8346745849823,0,0,0,0,0,0,41.7307270109049,51.1933166007215,58.7902117620061,47.3268277596354,31.8278804948314,15.6597837278053,0,0,0,0,0,0,-6.24146341052367,-4.02993163867879,-3.53489045862888,-3.41708130810873,-2.71847252468275,-1.31087175469574,0,0,0,0,0,0,-2.56734720955063,-5.25657450399147,-3.37079813500864,-3.1203728150748,-2.33510338635227,-0.988923244447672,0,0,0,0,0,0,-1.86100538144269,-4.55810458686098,-3.00131833081994,-2.895408761765,-2.19451642824179,-0.887934753594079,0,0,0,0,0,0,-1.69636017443678,-4.41106552941672,-2.92455791923356,-2.84867296722312,-2.16431224406993,-0.865016038737599,0,0,0,0,0,0,-1.65746218002145,-4.37650774599818,-2.90642414326726,-2.83762127730355,-2.15716879680274,-0.859607769915728,0,0,0,0,0,0,-1.64828806192931,-4.36833951815916,-2.90214479154679,-2.83501702608954,-2.15548781364107,-0.858333746774351,0,0,0,0,0,0,-1.6461216117732,-4.36640122360218,-2.90113531330865,-2.83440636511676,-2.15509564811858,-0.858034826911191,0,0,0,0,0,0,-1.64560730302348,-4.36593174907931,-2.90089674561619,-2.83426572250132,-2.15500734774788,-0.857965804776106,0,0,0,0,0,0,-1.64548250746029,-4.36580858113049,-2.90083993438995,-2.83423589551555,-2.1549906886909,-0.857950983791224,0,0,0,0,0,0,-1.64544954492521,-4.36576706522294,-2.9008259750444,-2.83423219373153,-2.15499091853411,-0.857948940675376,0,0,0,0,0,0,-1.64543823422126,-4.36574480498627,-2.90082211877096,-2.83423464988232,-2.154995128353,-0.857949909500859,0,0,0,0,0,0,-1.64543202966482,-4.3657270896207,-2.90082064462151,-2.83423855641505,-2.15500027479527,1.54714875423724,0,0,0,0,0,0,6.00000000000027,-5.99999999999866,-6.00000000000114,-5.99999999999819,-5.99999999999345,1.84417871198325,0,0,0,0,0,0,-15.0180674821617,-23.2608378067213,-11.0504208857652,-5.99999999999988,-5.99999999999918,-5.99999999766521,0,0,0,0,0,0,-23.9116033860021,-31.4850959051531,-31.4646332555152,-24.0316701639675,-16.3488713356107,-14.1558380649542,0,0,0,0,0,0,-18.5908213471789,-18.9939041209147,-11.6614558149607,-8.77328048302363,-6.25802212588182,-3.68604846990328,0,0,0,0,0,0,-5.27223692315936,-6.29312424343447,-4.87656746850624,-4.60613884892237,-3.61272830322145,-1.70340390673367,0,0,0,0,0,0,-2.07891180871829,-3.33671094286344,-3.27814291396927,-3.62737833509923,-2.97849682639455,-1.2243571156017,0,0,0,0,0,0,-1.32615524821737,-2.64127716422659,-2.90056701393486,-3.39610884429874,-2.8280212870688,-1.11068931557409,0,0,0,0,0,0,-1.14901698457588,-2.4781644897176,-2.81168642116465,-3.3414751261651,-2.79234000563037,-1.08381183729421,0,0,0,0,0,0,-1.10747467166009,-2.44036675353617,-2.79079850416823,-3.32846074945828,-2.78374251450182,-1.07741411879509,0,0,0,0,0,0,-1.09786592797981,-2.4320765127126,-2.78592491397782,-3.32524962427826,-2.78152637373165,-1.07584134476585,0,0,0,0,0,0,-1.09577686373074,-2.4307342412499,-2.78482252569641,-3.32434725153912,-2.78081325174959,-1.07540487220028,0,0,0,0,0,0,-1.09545838064772,-2.43102773589676,-2.78460812691037,-3.32398860140262,-2.78045414656604,-1.07523599168979,0,0,0,0,0,0,-1.09555673133777,-2.43170613429002,-2.78460279100177,-3.32375803594706,-2.78017847769931,-1.07513014443878,0,0,0,0,0,0,-1.09575315685314,-2.43247490419019,-2.78464665462498,-3.32355768458693,-2.77992253100778,-1.07503916475763,0,0,0,0,0,0,-1.0959726012607,-2.43326469532689,-2.78470207668258,-3.32336450258686,-2.77967130400555,-1.07495171173716,0,0,0,0,0,0,-1.09619739234854,-2.43405917886913,-2.78476019431439,-3.32317306393697,-2.7794212643829,-1.07486511510773,0,0,0,0,0,0,-1.09642336893604,-2.43485451034129,-2.7848189208291,-3.32298209096775,-2.7791715801993,-1.074778746206,0,0,0,0,0,0,-1.09664955141683,-2.43564978435159,-2.78487776497413,-3.32279128282972,-2.7789220556401,-1.07469245699292,0,0,0,0,0,0,-1.09687570906978,-2.43644478814743,-2.78493661100917,-3.32260056874514,-2.77867264459205,-1.07460621249636,0,0,0,0,0,0,-1.09710178771458,-2.437239471657,-2.78499543171439,-3.32240993191833
305.537998587603,367.21088774042,398.264007792874,412.644997352707,419.037769714718,434.507852928468,0,0,0,0,0,0,287.414246860611,327.685761399516,340.293887603612,342.858054211562,338.451573338921,344.278432764536,0,0,0,0,0,0,187.715462707456,193.659805533698,193.115857917193,187.836778690831,180.177652927414,170.967615853081,0,0,0,0,0,0,190.941251989483,194.709508275133,194.155484083214,190.009829137644,183.666280825029,175.796051502239,0,0,0,0,0,0,194.566896219759,197.533555771446,196.293864560132,191.638548131723,185.004117361729,177.026059072057,0,0,0,0,0,0,195.361318110286,198.135036251421,196.74036251182,191.976591371452,185.28394460906,177.287238333366,0,0,0,0,0,0,195.548264467533,198.276615446695,196.845561683923,192.0563507552,185.350068943506,177.349036982531,0,0,0,0,0,0,195.592341912335,198.309993042391,196.870362865664,192.075154451621,185.3656599273,177.363611135468,0,0,0,0,0,0,195.602746695746,198.317869538949,196.876218412921,192.079597686967,185.369348368098,177.367062879802,0,0,0,0,0,0,195.60521833168,198.319738834161,196.877611608144,192.080658905218,185.370233669463,177.367894909568,0,0,0,0,0,0,195.605820449501,198.320192566998,196.877953349238,192.080923271088,185.370458507949,177.368109646749,0,0,0,0,0,0,195.605981921626,198.320312664705,196.878047281418,192.080999838176,185.370527689335,177.368178893093,0,0,0,0,0,0,195.606039517165,198.320354114572,196.878082797542,192.081032134679,185.370560175299,177.368213838101,0,0,0,0,0,0,195.606072617247,198.320377019223,196.878104537981,192.081053989667,185.370584004551,10.0000000384324,0,0,0,0,0,0,10.0000000000005,10.0000000000011,10.0000000000195,10.0000000000033,10.0000000000084,10.0000000000001,0,0,0,0,0,0,25.0301124704457,38.7680630112827,18.4173681442871,10.0000000000001,10.0000000000004,10.0000000007044,0,0,0,0,0,0,39.8526723436648,52.4751598423853,52.4410554727611,48.8337798990531,52.9184797502414,50.2685781576948,0,0,0,0,0,0,110.961105445605,134.382161603877,150.107724200147,157.467031342609,157.665684098239,152.549362529532,0,0,0,0,0,0,177.542207168962,184.678906685949,187.428363856716,185.626137028812,180.771627831803,173.743825928516,0,0,0,0,0,0,193.749541416801,196.705497266405,196.261285594238,192.254438514653,186.180421413044,178.650068264119,0,0,0,0,0,0,197.595657838611,199.547193615334,198.343866289944,193.812703197128,187.44914947117,179.797252669997,0,0,0,0,0,0,198.500389936452,200.214909191258,198.832340367897,194.178034280271,187.746192315386,180.065531385233,0,0,0,0,0,0,198.712184953922,200.371242504808,198.946489461036,194.263183838612,187.815217507589,180.12772251672,0,0,0,0,0,0,198.76097142035,200.407338849619,198.97266561743,194.282511661914,187.830684897207,180.141506595972,0,0,0,0,0,0,198.77140976283,200.415155197072,198.978155003189,194.28636456238,187.83356138746,180.143909512081,0,0,0,0,0,0,198.772824695659,200.416317852024,198.978777888571,194.286577492598,187.833476403139,180.143635291628,0,0,0,0,0,0,198.772116324753,200.415914860181,198.978255812419,194.285934159569,187.832694840382,180.14273137629,0,0,0,0,0,0,198.770908611705,200.415143631114,198.97746452398,194.285089578457,187.831749633096,180.1416795679,0,0,0,0,0,0,198.769583819607,200.414286012825,198.976610148906,194.2841979145,187.830766213167,180.140593269918,0,0,0,0,0,0,198.768231937973,200.413408354507,198.975741209606,194.283295457568,187.829774107068,180.139499178092,0,0,0,0,0,0,198.766874152498,200.412526276416,198.974869129183,194.282390751102,187.828780265796,180.138403577434,0,0,0,0,0,0,198.765515450748,200.411643456102,198.973996596984,194.281485806104,187.827786325834,180.137307947317,0,0,0,0,0,0,198.764157006432,200.410760758708,198.973124245859,194.280581096208,187.826792672173,180.136212636311,0,0,0,0,0,0,198.76279909539,200.409878388045,198.972252224841,194.279676732625
